,mcg,gvh,lip,chg,aac,alm1,alm2,class
0,0.49,0.29,0.48,0.5,0.56,0.24,0.35,cp
1,0.07,0.4,0.48,0.5,0.54,0.35,0.44,cp
2,0.56,0.4,0.48,0.5,0.49,0.37,0.46,cp
3,0.59,0.49,0.48,0.5,0.52,0.45,0.36,cp
4,0.23,0.32,0.48,0.5,0.55,0.25,0.35,cp
5,0.67,0.39,0.48,0.5,0.36,0.38,0.46,cp
6,0.29,0.28,0.48,0.5,0.44,0.23,0.34,cp
7,0.21,0.34,0.48,0.5,0.51,0.28,0.39,cp
8,0.2,0.44,0.48,0.5,0.46,0.51,0.57,cp
9,0.42,0.4,0.48,0.5,0.56,0.18,0.3,cp
10,0.42,0.24,0.48,0.5,0.57,0.27,0.37,cp
11,0.25,0.48,0.48,0.5,0.44,0.17,0.29,cp
12,0.39,0.32,0.48,0.5,0.46,0.24,0.35,cp
13,0.51,0.5,0.48,0.5,0.46,0.32,0.35,cp
14,0.22,0.43,0.48,0.5,0.48,0.16,0.28,cp
15,0.25,0.4,0.48,0.5,0.46,0.44,0.52,cp
16,0.34,0.45,0.48,0.5,0.38,0.24,0.35,cp
17,0.44,0.27,0.48,0.5,0.55,0.52,0.58,cp
18,0.23,0.4,0.48,0.5,0.39,0.28,0.38,cp
19,0.41,0.57,0.48,0.5,0.39,0.21,0.32,cp
20,0.4,0.45,0.48,0.5,0.38,0.22,0.0,cp
21,0.31,0.23,0.48,0.5,0.73,0.05,0.14,cp
22,0.51,0.54,0.48,0.5,0.41,0.34,0.43,cp
23,0.3,0.16,0.48,0.5,0.56,0.11,0.23,cp
24,0.36,0.39,0.48,0.5,0.48,0.22,0.23,cp
25,0.29,0.37,0.48,0.5,0.48,0.44,0.52,cp
26,0.25,0.4,0.48,0.5,0.47,0.33,0.42,cp
27,0.21,0.51,0.48,0.5,0.5,0.32,0.41,cp
28,0.43,0.37,0.48,0.5,0.53,0.35,0.44,cp
29,0.43,0.39,0.48,0.5,0.47,0.31,0.41,cp
30,0.53,0.38,0.48,0.5,0.44,0.26,0.36,cp
31,0.34,0.33,0.48,0.5,0.38,0.35,0.44,cp
32,0.56,0.51,0.48,0.5,0.34,0.37,0.46,cp
33,0.4,0.29,0.48,0.5,0.42,0.35,0.44,cp
34,0.24,0.35,0.48,0.5,0.31,0.19,0.31,cp
35,0.36,0.54,0.48,0.5,0.41,0.38,0.46,cp
36,0.29,0.52,0.48,0.5,0.42,0.29,0.39,cp
37,0.65,0.47,0.48,0.5,0.59,0.3,0.4,cp
38,0.32,0.42,0.48,0.5,0.35,0.28,0.38,cp
39,0.38,0.46,0.48,0.5,0.48,0.22,0.29,cp
40,0.33,0.45,0.48,0.5,0.52,0.32,0.41,cp
41,0.3,0.37,0.48,0.5,0.59,0.41,0.49,cp
42,0.4,0.5,0.48,0.5,0.45,0.39,0.47,cp
43,0.28,0.38,0.48,0.5,0.5,0.33,0.42,cp
44,0.61,0.45,0.48,0.5,0.48,0.35,0.41,cp
45,0.17,0.38,0.48,0.5,0.45,0.42,0.5,cp
46,0.44,0.35,0.48,0.5,0.55,0.55,0.61,cp
47,0.43,0.4,0.48,0.5,0.39,0.28,0.39,cp
48,0.42,0.35,0.48,0.5,0.58,0.15,0.27,cp
49,0.23,0.33,0.48,0.5,0.43,0.33,0.43,cp
50,0.37,0.52,0.48,0.5,0.42,0.42,0.36,cp
51,0.29,0.3,0.48,0.5,0.45,0.03,0.17,cp
52,0.22,0.36,0.48,0.5,0.35,0.39,0.47,cp
53,0.23,0.58,0.48,0.5,0.37,0.53,0.59,cp
54,0.47,0.47,0.48,0.5,0.22,0.16,0.26,cp
55,0.54,0.47,0.48,0.5,0.28,0.33,0.42,cp
56,0.51,0.37,0.48,0.5,0.35,0.36,0.45,cp
57,0.4,0.35,0.48,0.5,0.45,0.33,0.42,cp
58,0.44,0.34,0.48,0.5,0.3,0.33,0.43,cp
59,0.42,0.38,0.48,0.5,0.54,0.34,0.43,cp
60,0.44,0.56,0.48,0.5,0.5,0.46,0.54,cp
61,0.52,0.36,0.48,0.5,0.41,0.28,0.38,cp
62,0.36,0.41,0.48,0.5,0.48,0.47,0.54,cp
63,0.18,0.3,0.48,0.5,0.46,0.24,0.35,cp
64,0.47,0.29,0.48,0.5,0.51,0.33,0.43,cp
65,0.24,0.43,0.48,0.5,0.54,0.52,0.59,cp
66,0.25,0.37,0.48,0.5,0.41,0.33,0.42,cp
67,0.52,0.57,0.48,0.5,0.42,0.47,0.54,cp
68,0.25,0.37,0.48,0.5,0.43,0.26,0.36,cp
69,0.35,0.48,0.48,0.5,0.56,0.4,0.48,cp
70,0.26,0.26,0.48,0.5,0.34,0.25,0.35,cp
71,0.44,0.51,0.48,0.5,0.47,0.26,0.36,cp
72,0.37,0.5,0.48,0.5,0.42,0.36,0.45,cp
73,0.44,0.42,0.48,0.5,0.42,0.25,0.2,cp
74,0.24,0.43,0.48,0.5,0.37,0.28,0.38,cp
75,0.42,0.3,0.48,0.5,0.48,0.26,0.36,cp
76,0.48,0.42,0.48,0.5,0.45,0.25,0.35,cp
77,0.41,0.48,0.48,0.5,0.51,0.44,0.51,cp
78,0.44,0.28,0.48,0.5,0.43,0.27,0.37,cp
79,0.29,0.41,0.48,0.5,0.48,0.38,0.46,cp
80,0.34,0.28,0.48,0.5,0.41,0.35,0.44,cp
81,0.41,0.43,0.48,0.5,0.45,0.31,0.41,cp
82,0.29,0.47,0.48,0.5,0.41,0.23,0.34,cp
83,0.34,0.55,0.48,0.5,0.58,0.31,0.41,cp
84,0.36,0.56,0.48,0.5,0.43,0.45,0.53,cp
85,0.4,0.46,0.48,0.5,0.52,0.49,0.56,cp
86,0.5,0.49,0.48,0.5,0.49,0.46,0.53,cp
87,0.52,0.44,0.48,0.5,0.37,0.36,0.42,cp
88,0.5,0.51,0.48,0.5,0.27,0.23,0.34,cp
89,0.53,0.42,0.48,0.5,0.16,0.29,0.39,cp
90,0.34,0.46,0.48,0.5,0.52,0.35,0.44,cp
91,0.4,0.42,0.48,0.5,0.37,0.27,0.27,cp
92,0.41,0.43,0.48,0.5,0.5,0.24,0.25,cp
93,0.3,0.45,0.48,0.5,0.36,0.21,0.32,cp
94,0.31,0.47,0.48,0.5,0.29,0.28,0.39,cp
95,0.64,0.76,0.48,0.5,0.45,0.35,0.38,cp
96,0.35,0.37,0.48,0.5,0.3,0.34,0.43,cp
97,0.57,0.54,0.48,0.5,0.37,0.28,0.33,cp
98,0.65,0.55,0.48,0.5,0.34,0.37,0.28,cp
99,0.51,0.46,0.48,0.5,0.58,0.31,0.41,cp
100,0.38,0.4,0.48,0.5,0.63,0.25,0.35,cp
101,0.24,0.57,0.48,0.5,0.63,0.34,0.43,cp
102,0.38,0.26,0.48,0.5,0.54,0.16,0.28,cp
103,0.33,0.47,0.48,0.5,0.53,0.18,0.29,cp
104,0.24,0.34,0.48,0.5,0.38,0.3,0.4,cp
105,0.26,0.5,0.48,0.5,0.44,0.32,0.41,cp
106,0.44,0.49,0.48,0.5,0.39,0.38,0.4,cp
107,0.43,0.32,0.48,0.5,0.33,0.45,0.52,cp
108,0.49,0.43,0.48,0.5,0.49,0.3,0.4,cp
109,0.47,0.28,0.48,0.5,0.56,0.2,0.25,cp
110,0.32,0.33,0.48,0.5,0.6,0.06,0.2,cp
111,0.34,0.35,0.48,0.5,0.51,0.49,0.56,cp
112,0.35,0.34,0.48,0.5,0.46,0.3,0.27,cp
113,0.38,0.3,0.48,0.5,0.43,0.29,0.39,cp
114,0.38,0.44,0.48,0.5,0.43,0.2,0.31,cp
115,0.41,0.51,0.48,0.5,0.58,0.2,0.31,cp
116,0.34,0.42,0.48,0.5,0.41,0.34,0.43,cp
117,0.51,0.49,0.48,0.5,0.53,0.14,0.26,cp
118,0.25,0.51,0.48,0.5,0.37,0.42,0.5,cp
119,0.29,0.28,0.48,0.5,0.5,0.42,0.5,cp
120,0.25,0.26,0.48,0.5,0.39,0.32,0.42,cp
121,0.24,0.41,0.48,0.5,0.49,0.23,0.34,cp
122,0.17,0.39,0.48,0.5,0.53,0.3,0.39,cp
123,0.04,0.31,0.48,0.5,0.41,0.29,0.39,cp
124,0.61,0.36,0.48,0.5,0.49,0.35,0.44,cp
125,0.34,0.51,0.48,0.5,0.44,0.37,0.46,cp
126,0.28,0.33,0.48,0.5,0.45,0.22,0.33,cp
127,0.4,0.46,0.48,0.5,0.42,0.35,0.44,cp
128,0.23,0.34,0.48,0.5,0.43,0.26,0.37,cp
129,0.37,0.44,0.48,0.5,0.42,0.39,0.47,cp
130,0.0,0.38,0.48,0.5,0.42,0.48,0.55,cp
131,0.39,0.31,0.48,0.5,0.38,0.34,0.43,cp
132,0.3,0.44,0.48,0.5,0.49,0.22,0.33,cp
133,0.27,0.3,0.48,0.5,0.71,0.28,0.39,cp
134,0.17,0.52,0.48,0.5,0.49,0.37,0.46,cp
135,0.36,0.42,0.48,0.5,0.53,0.32,0.41,cp
136,0.3,0.37,0.48,0.5,0.43,0.18,0.3,cp
137,0.26,0.4,0.48,0.5,0.36,0.26,0.37,cp
138,0.4,0.41,0.48,0.5,0.55,0.22,0.33,cp
139,0.22,0.34,0.48,0.5,0.42,0.29,0.39,cp
140,0.44,0.35,0.48,0.5,0.44,0.52,0.59,cp
141,0.27,0.42,0.48,0.5,0.37,0.38,0.43,cp
142,0.16,0.43,0.48,0.5,0.54,0.27,0.37,cp
143,0.06,0.61,0.48,0.5,0.49,0.92,0.37,im
144,0.44,0.52,0.48,0.5,0.43,0.47,0.54,im
145,0.63,0.47,0.48,0.5,0.51,0.82,0.84,im
146,0.23,0.48,0.48,0.5,0.59,0.88,0.89,im
147,0.34,0.49,0.48,0.5,0.58,0.85,0.8,im
148,0.43,0.4,0.48,0.5,0.58,0.75,0.78,im
149,0.46,0.61,0.48,0.5,0.48,0.86,0.87,im
150,0.27,0.35,0.48,0.5,0.51,0.77,0.79,im
151,0.52,0.39,0.48,0.5,0.65,0.71,0.73,im
152,0.29,0.47,0.48,0.5,0.71,0.65,0.69,im
153,0.55,0.47,0.48,0.5,0.57,0.78,0.8,im
154,0.12,0.67,0.48,0.5,0.74,0.58,0.63,im
155,0.4,0.5,0.48,0.5,0.65,0.82,0.84,im
156,0.73,0.36,0.48,0.5,0.53,0.91,0.92,im
157,0.84,0.44,0.48,0.5,0.48,0.71,0.74,im
158,0.48,0.45,0.48,0.5,0.6,0.78,0.8,im
159,0.54,0.49,0.48,0.5,0.4,0.87,0.88,im
160,0.48,0.41,0.48,0.5,0.51,0.9,0.88,im
161,0.5,0.66,0.48,0.5,0.31,0.92,0.92,im
162,0.72,0.46,0.48,0.5,0.51,0.66,0.7,im
163,0.47,0.55,0.48,0.5,0.58,0.71,0.75,im
164,0.33,0.56,0.48,0.5,0.33,0.78,0.8,im
165,0.64,0.58,0.48,0.5,0.48,0.78,0.73,im
166,0.54,0.57,0.48,0.5,0.56,0.81,0.83,im
167,0.47,0.59,0.48,0.5,0.52,0.76,0.79,im
168,0.63,0.5,0.48,0.5,0.59,0.85,0.86,im
169,0.49,0.42,0.48,0.5,0.53,0.79,0.81,im
170,0.31,0.5,0.48,0.5,0.57,0.84,0.85,im
171,0.74,0.44,0.48,0.5,0.55,0.88,0.89,im
172,0.33,0.45,0.48,0.5,0.45,0.88,0.89,im
173,0.45,0.4,0.48,0.5,0.61,0.74,0.77,im
174,0.71,0.4,0.48,0.5,0.71,0.7,0.74,im
175,0.5,0.37,0.48,0.5,0.66,0.64,0.69,im
176,0.66,0.53,0.48,0.5,0.59,0.66,0.66,im
177,0.6,0.61,0.48,0.5,0.54,0.67,0.71,im
178,0.83,0.37,0.48,0.5,0.61,0.71,0.74,im
179,0.34,0.51,0.48,0.5,0.67,0.9,0.9,im
180,0.63,0.54,0.48,0.5,0.65,0.79,0.81,im
181,0.7,0.4,0.48,0.5,0.56,0.86,0.83,im
182,0.6,0.5,1.0,0.5,0.54,0.77,0.8,im
183,0.16,0.51,0.48,0.5,0.33,0.39,0.48,im
184,0.74,0.7,0.48,0.5,0.66,0.65,0.69,im
185,0.2,0.46,0.48,0.5,0.57,0.78,0.81,im
186,0.89,0.55,0.48,0.5,0.51,0.72,0.76,im
187,0.7,0.46,0.48,0.5,0.56,0.78,0.73,im
188,0.12,0.43,0.48,0.5,0.63,0.7,0.74,im
189,0.61,0.52,0.48,0.5,0.54,0.67,0.52,im
190,0.33,0.37,0.48,0.5,0.46,0.65,0.69,im
191,0.63,0.65,0.48,0.5,0.66,0.67,0.71,im
192,0.41,0.51,0.48,0.5,0.53,0.75,0.78,im
193,0.34,0.67,0.48,0.5,0.52,0.76,0.79,im
194,0.58,0.34,0.48,0.5,0.56,0.87,0.81,im
195,0.59,0.56,0.48,0.5,0.55,0.8,0.82,im
196,0.51,0.4,0.48,0.5,0.57,0.62,0.67,im
197,0.5,0.57,0.48,0.5,0.71,0.61,0.66,im
198,0.6,0.46,0.48,0.5,0.45,0.81,0.83,im
199,0.37,0.47,0.48,0.5,0.39,0.76,0.79,im
200,0.58,0.55,0.48,0.5,0.57,0.7,0.74,im
201,0.36,0.47,0.48,0.5,0.51,0.69,0.72,im
202,0.39,0.41,0.48,0.5,0.52,0.72,0.75,im
203,0.35,0.51,0.48,0.5,0.61,0.71,0.74,im
204,0.31,0.44,0.48,0.5,0.5,0.79,0.82,im
205,0.61,0.66,0.48,0.5,0.46,0.87,0.88,im
206,0.48,0.49,0.48,0.5,0.52,0.77,0.71,im
207,0.11,0.5,0.48,0.5,0.58,0.72,0.68,im
208,0.31,0.36,0.48,0.5,0.58,0.94,0.94,im
209,0.68,0.51,0.48,0.5,0.71,0.75,0.78,im
210,0.69,0.39,0.48,0.5,0.57,0.76,0.79,im
211,0.52,0.54,0.48,0.5,0.62,0.76,0.79,im
212,0.46,0.59,0.48,0.5,0.36,0.76,0.23,im
213,0.36,0.45,0.48,0.5,0.38,0.79,0.17,im
214,0.0,0.51,0.48,0.5,0.35,0.67,0.44,im
215,0.1,0.49,0.48,0.5,0.41,0.67,0.21,im
216,0.3,0.51,0.48,0.5,0.42,0.61,0.34,im
217,0.61,0.47,0.48,0.5,0.0,0.8,0.32,im
218,0.63,0.75,0.48,0.5,0.64,0.73,0.66,im
219,0.71,0.52,0.48,0.5,0.64,1.0,0.99,im
220,0.85,0.53,0.48,0.5,0.53,0.52,0.35,imS
221,0.63,0.49,0.48,0.5,0.54,0.76,0.79,imS
222,0.75,0.55,1.0,1.0,0.4,0.47,0.3,imL
223,0.7,0.39,1.0,0.5,0.51,0.82,0.84,imL
224,0.72,0.42,0.48,0.5,0.65,0.77,0.79,imU
225,0.79,0.41,0.48,0.5,0.66,0.81,0.83,imU
226,0.83,0.48,0.48,0.5,0.65,0.76,0.79,imU
227,0.69,0.43,0.48,0.5,0.59,0.74,0.77,imU
228,0.79,0.36,0.48,0.5,0.46,0.82,0.7,imU
229,0.78,0.33,0.48,0.5,0.57,0.77,0.79,imU
230,0.75,0.37,0.48,0.5,0.64,0.7,0.74,imU
231,0.59,0.29,0.48,0.5,0.64,0.75,0.77,imU
232,0.67,0.37,0.48,0.5,0.54,0.64,0.68,imU
233,0.66,0.48,0.48,0.5,0.54,0.7,0.74,imU
234,0.64,0.46,0.48,0.5,0.48,0.73,0.76,imU
235,0.76,0.71,0.48,0.5,0.5,0.71,0.75,imU
236,0.84,0.49,0.48,0.5,0.55,0.78,0.74,imU
237,0.77,0.55,0.48,0.5,0.51,0.78,0.74,imU
238,0.81,0.44,0.48,0.5,0.42,0.67,0.68,imU
239,0.58,0.6,0.48,0.5,0.59,0.73,0.76,imU
240,0.63,0.42,0.48,0.5,0.48,0.77,0.8,imU
241,0.62,0.42,0.48,0.5,0.58,0.79,0.81,imU
242,0.86,0.39,0.48,0.5,0.59,0.89,0.9,imU
243,0.81,0.53,0.48,0.5,0.57,0.87,0.88,imU
244,0.87,0.49,0.48,0.5,0.61,0.76,0.79,imU
245,0.47,0.46,0.48,0.5,0.62,0.74,0.77,imU
246,0.76,0.41,0.48,0.5,0.5,0.59,0.62,imU
247,0.7,0.53,0.48,0.5,0.7,0.86,0.87,imU
248,0.64,0.45,0.48,0.5,0.67,0.61,0.66,imU
249,0.81,0.52,0.48,0.5,0.57,0.78,0.8,imU
250,0.73,0.26,0.48,0.5,0.57,0.75,0.78,imU
251,0.49,0.61,1.0,0.5,0.56,0.71,0.74,imU
252,0.88,0.42,0.48,0.5,0.52,0.73,0.75,imU
253,0.84,0.54,0.48,0.5,0.75,0.92,0.7,imU
254,0.63,0.51,0.48,0.5,0.64,0.72,0.76,imU
255,0.86,0.55,0.48,0.5,0.63,0.81,0.83,imU
256,0.79,0.54,0.48,0.5,0.5,0.66,0.68,imU
257,0.57,0.38,0.48,0.5,0.06,0.49,0.33,imU
258,0.78,0.44,0.48,0.5,0.45,0.73,0.68,imU
259,0.78,0.68,0.48,0.5,0.83,0.4,0.29,om
260,0.63,0.69,0.48,0.5,0.65,0.41,0.28,om
261,0.67,0.88,0.48,0.5,0.73,0.5,0.25,om
262,0.61,0.75,0.48,0.5,0.51,0.33,0.33,om
263,0.67,0.84,0.48,0.5,0.74,0.54,0.37,om
264,0.74,0.9,0.48,0.5,0.57,0.53,0.29,om
265,0.73,0.84,0.48,0.5,0.86,0.58,0.29,om
266,0.75,0.76,0.48,0.5,0.83,0.57,0.3,om
267,0.77,0.57,0.48,0.5,0.88,0.53,0.2,om
268,0.74,0.78,0.48,0.5,0.75,0.54,0.15,om
269,0.68,0.76,0.48,0.5,0.84,0.45,0.27,om
270,0.56,0.68,0.48,0.5,0.77,0.36,0.45,om
271,0.65,0.51,0.48,0.5,0.66,0.54,0.33,om
272,0.52,0.81,0.48,0.5,0.72,0.38,0.38,om
273,0.64,0.57,0.48,0.5,0.7,0.33,0.26,om
274,0.6,0.76,1.0,0.5,0.77,0.59,0.52,om
275,0.69,0.59,0.48,0.5,0.77,0.39,0.21,om
276,0.63,0.49,0.48,0.5,0.79,0.45,0.28,om
277,0.71,0.71,0.48,0.5,0.68,0.43,0.36,om
278,0.68,0.63,0.48,0.5,0.73,0.4,0.3,om
279,0.77,0.57,1.0,0.5,0.37,0.54,0.01,omL
280,0.66,0.49,1.0,0.5,0.54,0.56,0.36,omL
281,0.71,0.46,1.0,0.5,0.52,0.59,0.3,omL
282,0.67,0.55,1.0,0.5,0.66,0.58,0.16,omL
283,0.68,0.49,1.0,0.5,0.62,0.55,0.28,omL
284,0.74,0.49,0.48,0.5,0.42,0.54,0.36,pp
285,0.7,0.61,0.48,0.5,0.56,0.52,0.43,pp
286,0.66,0.86,0.48,0.5,0.34,0.41,0.36,pp
287,0.73,0.78,0.48,0.5,0.58,0.51,0.31,pp
288,0.65,0.57,0.48,0.5,0.47,0.47,0.51,pp
289,0.72,0.86,0.48,0.5,0.17,0.55,0.21,pp
290,0.67,0.7,0.48,0.5,0.46,0.45,0.33,pp
291,0.67,0.81,0.48,0.5,0.54,0.49,0.23,pp
292,0.67,0.61,0.48,0.5,0.51,0.37,0.38,pp
293,0.63,1.0,0.48,0.5,0.35,0.51,0.49,pp
294,0.57,0.59,0.48,0.5,0.39,0.47,0.33,pp
295,0.71,0.71,0.48,0.5,0.4,0.54,0.39,pp
296,0.66,0.74,0.48,0.5,0.31,0.38,0.43,pp
297,0.67,0.81,0.48,0.5,0.25,0.42,0.25,pp
298,0.64,0.72,0.48,0.5,0.49,0.42,0.19,pp
299,0.68,0.82,0.48,0.5,0.38,0.65,0.56,pp
300,0.32,0.39,0.48,0.5,0.53,0.28,0.38,pp
301,0.7,0.64,0.48,0.5,0.47,0.51,0.47,pp
302,0.63,0.57,0.48,0.5,0.49,0.7,0.2,pp
303,0.74,0.82,0.48,0.5,0.49,0.49,0.41,pp
304,0.63,0.86,0.48,0.5,0.39,0.47,0.34,pp
305,0.63,0.83,0.48,0.5,0.4,0.39,0.19,pp
306,0.63,0.71,0.48,0.5,0.6,0.4,0.39,pp
307,0.71,0.86,0.48,0.5,0.4,0.54,0.32,pp
308,0.68,0.78,0.48,0.5,0.43,0.44,0.42,pp
309,0.64,0.84,0.48,0.5,0.37,0.45,0.4,pp
310,0.74,0.47,0.48,0.5,0.5,0.57,0.42,pp
311,0.75,0.84,0.48,0.5,0.35,0.52,0.33,pp
312,0.63,0.65,0.48,0.5,0.39,0.44,0.35,pp
313,0.69,0.67,0.48,0.5,0.3,0.39,0.24,pp
314,0.7,0.71,0.48,0.5,0.42,0.84,0.85,pp
315,0.69,0.8,0.48,0.5,0.46,0.57,0.26,pp
316,0.64,0.66,0.48,0.5,0.41,0.39,0.2,pp
317,0.63,0.8,0.48,0.5,0.46,0.31,0.29,pp
318,0.66,0.71,0.48,0.5,0.41,0.5,0.35,pp
319,0.69,0.59,0.48,0.5,0.46,0.44,0.52,pp
320,0.68,0.67,0.48,0.5,0.49,0.4,0.34,pp
321,0.64,0.78,0.48,0.5,0.5,0.36,0.38,pp
322,0.62,0.78,0.48,0.5,0.47,0.49,0.54,pp
323,0.76,0.73,0.48,0.5,0.44,0.39,0.39,pp
324,0.64,0.81,0.48,0.5,0.37,0.39,0.44,pp
325,0.29,0.39,0.48,0.5,0.52,0.4,0.48,pp
326,0.62,0.83,0.48,0.5,0.46,0.36,0.4,pp
327,0.56,0.54,0.48,0.5,0.43,0.37,0.3,pp
328,0.69,0.66,0.48,0.5,0.41,0.5,0.25,pp
329,0.69,0.65,0.48,0.5,0.63,0.48,0.41,pp
330,0.43,0.59,0.48,0.5,0.52,0.49,0.56,pp
331,0.74,0.56,0.48,0.5,0.47,0.68,0.3,pp
332,0.71,0.57,0.48,0.5,0.48,0.35,0.32,pp
333,0.61,0.6,0.48,0.5,0.44,0.39,0.38,pp
334,0.59,0.61,0.48,0.5,0.42,0.42,0.37,pp
335,0.74,0.74,0.48,0.5,0.31,0.53,0.52,pp
336,0.72775262680805,0.47880840578576,1.0,0.7775262680805,0.44894422102229004,0.62573161234365,0.5402716304730601,imL
337,0.7040889260832569,0.4030845634664222,1.0,0.5408892608325694,0.5010043626168348,0.7913775174172013,0.7958395983008251,imL
338,0.7046638610021398,0.40492435520684766,1.0,0.5466386100213989,0.49973950579529225,0.7873529729850206,0.7896303011768891,imL
339,0.7214300290458056,0.4585760929465778,1.0,0.7143002904580555,0.46285393609922776,0.6699897966793611,0.6085556863052999,imL
340,0.7272264761706955,0.4771247237462256,1.0,0.7722647617069549,0.4501017524244699,0.6294146668051315,0.5459540573564887,imL
341,0.7137868464679457,0.43411790869742617,1.0,0.6378684646794567,0.47966893777051955,0.7234920747243803,0.6911020581461869,imL
342,0.70207246644032,0.39663189260902393,1.0,0.5207246644031998,0.505440573831296,0.8054927349177602,0.8176173624445444,imL
343,0.7360470802977103,0.5053506569526731,1.0,0.8604708029771033,0.4306964233450373,0.5676704379160277,0.4506915327847285,imL
344,0.7283691087176412,0.4807811478964517,1.0,0.7836910871764116,0.44758796082118946,0.6214162389765119,0.5336136258494756,imL
345,0.7466201877784119,0.5391846008909182,1.0,0.9662018777841193,0.40743558688749376,0.49365868555111647,0.3365019719931512,imL
346,0.7191240257733816,0.45119688247482137,1.0,0.6912402577338168,0.46792714329856033,0.6861318195863282,0.6334605216474778,imL
347,0.723948819137632,0.46663622124042253,1.0,0.7394881913763203,0.45731259789720957,0.6523582660365758,0.581352753313574,imL
348,0.7255802010145743,0.4718566432466378,1.0,0.755802010145743,0.45372355776793655,0.6409385928979799,0.5637338290425976,imL
349,0.7358390098736919,0.5046848315958141,1.0,0.858390098736919,0.43115417827787783,0.5691269308841567,0.4529386933641275,imL
350,0.7082930189068205,0.41653766050182595,1.0,0.5829301890682059,0.49175535840499474,0.7619488676522558,0.7504353958063377,imL
351,0.717290520888454,0.4453296668430528,1.0,0.67290520888454,0.4719608540454012,0.698966353780822,0.6532623744046968,imL
352,0.714830023410731,0.4374560749143393,1.0,0.6483002341073102,0.47737394849639175,0.7161898361248829,0.679835747164105,imL
353,0.7335621922540958,0.4973990152131066,1.0,0.835621922540958,0.4361631770409893,0.5850646542213294,0.47752832365576536,imL
354,0.7442615422934159,0.5316369353389309,1.0,0.9426154229341588,0.41262460695448505,0.5101692039460888,0.36197534323110847,imL
355,0.7340912358527582,0.499091954728826,1.0,0.8409123585275811,0.43499928112393216,0.5813613490306931,0.4718146527902124,imL
356,0.72565814284671,0.47210605710947223,1.0,0.7565814284671006,0.4535520857372379,0.6403930000730295,0.5628920572555313,imL
357,0.70755452680418,0.41417448577337607,1.0,0.5755452680418002,0.49338004103080396,0.7671183123707399,0.7584111105148559,imL
358,0.728954792987881,0.4826553375612192,1.0,0.78954792987881,0.44629945542666183,0.6173164490848331,0.5272882357308853,imL
359,0.7491869301568647,0.5473981765019669,1.0,0.9918693015686464,0.4017887536548978,0.47569148890194746,0.30878115430586184,imL
360,0.7231644319633196,0.46412618228262276,1.0,0.7316443196331961,0.4590382496806969,0.6578489762567628,0.5898241347961484,imL
361,0.7099818915845472,0.4219420530705509,1.0,0.5998189158454715,0.4880398385139963,0.7501267589081699,0.7321955708868908,imL
362,0.7214142440592612,0.4585255809896359,1.0,0.7141424405926122,0.46288866306962534,0.6701002915851715,0.6087261641599788,imL
363,0.7291190109851239,0.4831808351523965,1.0,0.791190109851239,0.44593817583272743,0.6161669231041327,0.5255146813606619,imL
364,0.726897837202537,0.47607307904811835,1.0,0.7689783720253697,0.4508247581544187,0.6317151395822411,0.5495033582126008,imL
365,0.7420569794907905,0.5245823343705298,1.0,0.9205697949079056,0.4174746451202608,0.5256011435644661,0.38578462149946197,imL
366,0.7167544930959066,0.44361437790690117,1.0,0.6675449309590661,0.47314011518900545,0.7027185483286537,0.6590514745642087,imL
367,0.7447159258237128,0.533090962635881,1.0,0.9471592582371278,0.4116249631878319,0.5069885192340106,0.3570680011039021,imL
368,0.7037601414661672,0.40203245269173526,1.0,0.5376014146616725,0.5017276887744321,0.7936790097368291,0.7993904721653937,imL
369,0.7257825393576549,0.4725041259444957,1.0,0.757825393576549,0.4532784134131592,0.6395222244964156,0.561548574937327,imL
370,0.7236741842359956,0.46575738955518614,1.0,0.7367418423599565,0.4579167946808096,0.6542807103480304,0.5843188102512469,imL
371,0.7378719503809729,0.5111902412191132,1.0,0.8787195038097286,0.4266817091618597,0.5548963473331899,0.43098293588549313,imL
372,0.731079658182493,0.4894549061839778,1.0,0.8107965818249305,0.4416247519985153,0.6024423927225486,0.5043396916290751,imL
373,0.7040763538962641,0.4030443324680453,1.0,0.5407635389626413,0.5010320214282189,0.791465522726151,0.7959753779203473,imL
374,0.7486859012794488,0.5457948840942363,1.0,0.9868590127944883,0.4028910171852126,0.47919869104385815,0.31419226618195256,imL
375,0.716905752084773,0.44409840667127365,1.0,0.6690575208477301,0.4728073454134994,0.7016597354065889,0.6574178774844515,imL
376,0.7136720506259566,0.43375056200306117,1.0,0.6367205062595662,0.47992148862289546,0.7242956456183036,0.6923418532396686,imL
377,0.732880922860367,0.4952189531531743,1.0,0.8288092286036697,0.4376619697071927,0.5898335399774313,0.4848860331080368,imL
378,0.7173121143232211,0.44539876583430765,1.0,0.6731211432322114,0.47191334848891353,0.698815199737452,0.6530291653092117,imL
379,0.7353751006802283,0.5032003221767304,1.0,0.8537510068022824,0.4321747785034979,0.5723742952384022,0.457948912653535,imL
380,0.7288766275772983,0.4824052082473548,1.0,0.7887662757729836,0.4464714193299436,0.6178636069589114,0.5281324221651776,imL
381,0.7361942207366121,0.5058215063571588,1.0,0.8619422073661214,0.43037271437945335,0.5666404548437151,0.449102416044589,imL
382,0.743726176520873,0.5299237648667938,1.0,0.9372617652087306,0.41380241165407927,0.5139167643538886,0.36775729357457093,imL
383,0.7104187113660948,0.4233398763715034,1.0,0.604187113660948,0.4870788349945915,0.7470690204373364,0.7274779172461763,imL
384,0.7249455314130572,0.4698257005217829,1.0,0.7494553141305715,0.4551198308912743,0.6453812801085999,0.5705882607389827,imL
385,0.7347782271781236,0.5012903269699956,1.0,0.8477822717812362,0.43348790020812805,0.5765524097531346,0.4643951464762649,imL
386,0.7093103728828831,0.41979319322522624,1.0,0.5931037288288321,0.48951717965765695,0.7548273898198175,0.7394479728648614,imL
387,0.745385189206956,0.5352326054622593,1.0,0.9538518920695599,0.4101525837446968,0.5023036755513081,0.3498399565648753,imL
388,0.7184314852539198,0.44898075281254346,1.0,0.6843148525391982,0.4694507324413764,0.6909796032225612,0.640939959257666,imL
389,0.7112824472021253,0.42610383104680094,1.0,0.6128244720212528,0.48517861615532437,0.741022869585123,0.718149570217047,imL
390,0.7307015390613565,0.4882449249963407,1.0,0.8070153906135645,0.4424566140650158,0.6050892265705048,0.5084233781373503,imL
391,0.7434858290650812,0.5291546530082601,1.0,0.9348582906508127,0.41433117605682124,0.5155991965444311,0.37035304609712233,imL
392,0.7324718127923909,0.4939098009356509,1.0,0.8247181279239091,0.43856201185674004,0.5926973104532637,0.48930442184217826,imL
393,0.7171119464676964,0.4447582286966285,1.0,0.671119464676964,0.47235371777106794,0.7002163747261252,0.6551909781488788,imL
394,0.726727157597704,0.47552690431265277,1.0,0.7672715759770399,0.45120025328505126,0.632909896816072,0.551346697944797,imL
395,0.7310973861463306,0.4895116356682577,1.0,0.8109738614633053,0.44158575047807286,0.6023182969756862,0.5041482296196302,imL
396,0.7400356456071848,0.5181140659429915,1.0,0.9003564560718482,0.4219215796641934,0.5397504807497062,0.40761502744240397,imL
397,0.7043051548263748,0.4037764954443994,1.0,0.5430515482637481,0.5005286593819754,0.7898639162153762,0.793504327875152,imL
398,0.7348600941027281,0.5015523011287302,1.0,0.8486009410272818,0.433307792973998,0.5759793412809027,0.46351098369053567,imL
399,0.7246352955428977,0.4688329457372728,1.0,0.7463529554289774,0.45580234980562495,0.6475529311997157,0.5739388081367043,imL
400,0.7246827885241709,0.4689849232773471,1.0,0.7468278852417094,0.45569786524682393,0.6472204803308034,0.5734258839389538,imL
401,0.742131593087006,0.5248210978784192,1.0,0.92131593087006,0.4173104952085868,0.525078848390958,0.38497879466033513,imL
402,0.7444994394278845,0.5323982061692306,1.0,0.9449943942788455,0.41210123325865405,0.5085039240048081,0.35940605417884697,imL
403,0.729286264497007,0.48371604639042226,1.0,0.7928626449700695,0.4455702181065847,0.6149961485209513,0.5237083434323249,imL
404,0.7208091381074057,0.45658924194369804,1.0,0.7080913810740563,0.4642198961637076,0.6743360332481606,0.6152613084400193,imL
405,0.7441576476156083,0.5313044723699468,1.0,0.9415764761560836,0.4128531752456616,0.5108964666907414,0.3630974057514297,imL
406,0.7040004363135085,0.40280139620322736,1.0,0.5400043631350855,0.5011990401102812,0.7919969458054401,0.7967952878141077,imL
407,0.7102067086395355,0.4226614676465139,1.0,0.6020670863953559,0.4875452409930217,0.7485530395232509,0.7297675466930157,imL
408,0.7163709301144929,0.44238697636637764,1.0,0.66370930114493,0.4739839537481154,0.705403489198549,0.6631939547634755,imL
409,0.7133064498860436,0.4325806396353397,1.0,0.6330644988604366,0.480725810250704,0.7268548507976944,0.6962903412307284,imL
410,0.7229379021912593,0.4634012870120298,1.0,0.7293790219125931,0.4595366151792295,0.6594346846611847,0.5922706563343993,imL
411,0.7391131451185863,0.5151620643794762,1.0,0.891131451185863,0.42395108073911014,0.5462079841698958,0.41757803271926786,imL
412,0.7213722254818451,0.4583911215419044,1.0,0.7137222548184512,0.46298110393994074,0.6703944216270841,0.6091799647960726,imL
413,0.7401955441455359,0.5186257412657149,1.0,0.9019554414553589,0.42156980287982104,0.5386311909812487,0.4058881232282123,imL
414,0.7374148286329413,0.5097274516254121,1.0,0.8741482863294128,0.42768737700752923,0.5580961995694111,0.43591985076423423,imL
415,0.7268018543586883,0.47576593394780264,1.0,0.7680185435868833,0.4510359204108857,0.6323870194891816,0.550539972926166,imL
416,0.7050040119082951,0.4060128381065444,1.0,0.5500401190829514,0.49899117380175073,0.784971916641934,0.7859566713904125,imL
417,0.74121889206333,0.521900454602656,1.0,0.9121889206332998,0.41931843746067404,0.53146775555669,0.3948359657160361,imL
418,0.7161075022864007,0.4415440073164825,1.0,0.6610750228640079,0.4745634949699183,0.7072474839951944,0.6660389753068715,imL
419,0.7073984843954225,0.4136751500653523,1.0,0.5739848439542259,0.4937233343300703,0.7682106092320418,0.760096368529436,imL
420,0.7465560128032209,0.538979240970307,1.0,0.9655601280322094,0.40757677183291396,0.49410791037745344,0.33719506172521385,imL
421,0.7469487057670086,0.5402358584544273,1.0,0.9694870576700855,0.4067128473125812,0.4913590596309401,0.33295397771630764,imL
422,0.7170889283748116,0.44468457079939755,1.0,0.6708892837481173,0.4724043575754142,0.7003775013763179,0.6554395735520333,imL
423,0.7305352116414903,0.4877126772527691,1.0,0.8053521164149033,0.44282253438872127,0.6062535185095675,0.5102197142719043,imL
424,0.7223068245840493,0.4613818386689578,1.0,0.7230682458404931,0.4609249859150915,0.6638522279116548,0.5990862944922674,imL
425,0.7035594914635991,0.40139037268351724,1.0,0.5355949146359913,0.5021691187800819,0.795083559754806,0.8015574921931293,imL
426,0.7116573323016282,0.4273034633652103,1.0,0.616573323016282,0.48435386893641796,0.7383986738886026,0.7141008111424154,imL
427,0.7385668964064455,0.5134140685006257,1.0,0.8856689640644552,0.4251528279058199,0.5500317251548814,0.42347751881038836,imL
428,0.7203439399351625,0.4551006077925203,1.0,0.7034393993516259,0.46524333214264235,0.6775924204538619,0.620285448700244,imL
429,0.7466558702416705,0.5392987847733455,1.0,0.9665587024167044,0.40735708546832505,0.4934089083083069,0.33611660138995925,imL
430,0.7255914465196397,0.47189262886284705,1.0,0.7559144651963969,0.45369881765679265,0.640859874362522,0.5636123775878912,imL
431,0.7376322947297819,0.510423343135302,1.0,0.8763229472978188,0.4272089515944799,0.5565739368915268,0.43357121691835565,imL
432,0.7169038419195108,0.44409229414243484,1.0,0.6690384191951089,0.47281154777707607,0.7016731065634237,0.6574385072692824,imL
433,0.7489842097872812,0.5467494713192997,1.0,0.9898420978728114,0.4022347384679815,0.477110531489032,0.31097053429736365,imL
434,0.7486241867698891,0.5455973976636449,1.0,0.9862418676988902,0.4030267891062442,0.47963069261077684,0.31485878288519853,imL
435,0.7494861039132814,0.5483555325225007,1.0,0.9948610391328144,0.40113057139078084,0.4735972726070299,0.3055500777365604,imL
436,0.7247370156841472,0.469158450189271,1.0,0.7473701568414718,0.45557856549487624,0.6468408902109697,0.5728402306112104,imL
437,0.7437961240577907,0.5301475969849304,1.0,0.9379612405779075,0.4136485270728604,0.5134271315954647,0.3670018601758598,imL
438,0.7471230746422326,0.5407938388551444,1.0,0.9712307464223262,0.40632923578708824,0.4901384775043716,0.3310707938638876,imL
439,0.7139370762757833,0.4345986440825066,1.0,0.6393707627578331,0.47933843219327676,0.7224404660695168,0.6894795762215402,imL
440,0.7288978266734171,0.48247304535493485,1.0,0.7889782667341714,0.4464247813184823,0.61771521328608,0.5279034719270949,imL
441,0.7080139508420584,0.4156446426945871,1.0,0.5801395084205847,0.4923693081474714,0.7639023441055907,0.7534493309057686,imL
442,0.7334897673919052,0.49716725565409664,1.0,0.8348976739190519,0.4363225117378086,0.5855716282566636,0.47831051216742393,imL
443,0.7180519934911713,0.4477663791717484,1.0,0.6805199349117137,0.470285614319423,0.6936360455618004,0.6450384702953491,imL
444,0.7203981076498628,0.45527394447956115,1.0,0.7039810764986285,0.46512416317030175,0.6772132464509599,0.6197004373814811,imL
445,0.7236646598638939,0.46572691156446083,1.0,0.73664659863894,0.45793774829943323,0.654347380952742,0.5844216734699448,imL
446,0.7366711991133724,0.5073478371627917,1.0,0.8667119911337242,0.4293233619505807,0.5633016062063931,0.44395104957557785,imL
447,0.7138506994579816,0.4343222382655413,1.0,0.6385069945798163,0.4795284611924404,0.7230451037941286,0.6904124458537984,imL
448,0.7340032179170546,0.4988102973345748,1.0,0.8400321791705463,0.4351929205824798,0.5819774745806177,0.47276524649581003,imL
449,0.7334124573603599,0.4969198635531516,1.0,0.8341245736035987,0.4364925938072083,0.5861127984774809,0.4791454605081134,imL
450,0.7491851763800293,0.547392564416094,1.0,0.9918517638002935,0.40179261196393545,0.4757037653397945,0.30880009509568296,imL
451,0.7422050925570006,0.5250562961824019,1.0,0.9220509255700058,0.41714879637459873,0.524564352100996,0.3841850003843937,imL
452,0.7188639022724043,0.4503644872716938,1.0,0.6886390227240431,0.4684994150007105,0.6879526840931698,0.6362698554580334,imL
453,0.700481716840184,0.39154149388858916,1.0,0.504817168401841,0.508940222951595,0.8166279821187112,0.8347974581260117,imL
454,0.7460009660715845,0.5372030914290704,1.0,0.9600096607158448,0.40879787464251416,0.4979932374989086,0.3431895664268875,imL
455,0.7490596681411529,0.5469909380516893,1.0,0.9905966814115288,0.40206873008946364,0.47658232301192976,0.3101555840755488,imL
456,0.7304804776454499,0.48753752846543974,1.0,0.8048047764544992,0.4429429491800102,0.6066366564818506,0.5108108414291408,imL
457,0.7440342819310176,0.5309097021792563,1.0,0.9403428193101757,0.41312457975176137,0.511760026482877,0.3644297551450101,imL
458,0.7389745375780324,0.5147185202497039,1.0,0.8897453757803245,0.4242560173283286,0.5471782369537728,0.41907499415724947,imL
459,0.7038627667157386,0.40236085349036343,1.0,0.5386276671573856,0.5015019132253752,0.79296063298983,0.7982821194700235,imL
460,0.7393895206610307,0.5160464661152981,1.0,0.8938952066103067,0.4233430545457325,0.5442733553727852,0.41459317686086866,imL
461,0.7130096241668844,0.43163079733403004,1.0,0.6300962416688438,0.4813788268328544,0.7289326308318093,0.6994960589976487,imL
462,0.7485634013244641,0.5454028842382852,1.0,0.9856340132446413,0.40316051708617895,0.48005619072875105,0.31551526569578736,imL
463,0.7474396998982827,0.5418070396745047,1.0,0.9743969989828271,0.4056326602237781,0.487922100712021,0.3276512410985467,imL
464,0.7100929094188594,0.4222973101403501,1.0,0.6009290941885941,0.4877955992785093,0.7493496340679842,0.7309965782763184,imL
465,0.713954470189445,0.434654304606224,1.0,0.63954470189445,0.479300165583221,0.7223187086738849,0.689291721953994,imL
466,0.7150525228173017,0.4381680730153655,1.0,0.6505252281730171,0.4768844498019363,0.714632340278888,0.6774327535731415,imL
467,0.747725727638633,0.5427223284436254,1.0,0.9772572763863294,0.40500339919500755,0.4859199065295694,0.3245621415027642,imL
468,0.7178506047745681,0.447121935278618,1.0,0.6785060477456812,0.47072866949595016,0.6950457665780231,0.6472134684346643,imL
469,0.7008704885242222,0.3927855632775112,1.0,0.5087048852422223,0.5080849252467111,0.8139065803304443,0.8305987239383998,imL
470,0.7358354512824639,0.5046734441038843,1.0,0.8583545128246383,0.4311620071785796,0.5691518410227532,0.4529771261493906,imL
471,0.7390775319280796,0.5150481021698549,1.0,0.8907753192807962,0.42402942975822483,0.5464572765034426,0.41796265517674003,imL
472,0.7195230824397153,0.4524738638070892,1.0,0.6952308243971537,0.4670492186326262,0.6833384229219923,0.629150709651074,imL
473,0.710153524395936,0.42249127806699555,1.0,0.6015352439593611,0.48766224632894056,0.7489253292284472,0.73034193652389,imL
474,0.7033732810632769,0.4007944994024863,1.0,0.5337328106327697,0.5025787816607907,0.7963870325570612,0.8035685645166087,imL
475,0.7380327226586658,0.5117047125077308,1.0,0.8803272265866584,0.42632801015093513,0.553770941389339,0.4292465952864088,imL
476,0.7458161852156843,0.5110574882210335,0.48,0.5,0.5347356279447416,0.633655070673799,0.5583676295686315,imS
477,0.714027537599723,0.5052777341090405,0.48,0.5,0.5361805664727399,0.6683335953457568,0.621944924800554,imS
478,0.7411632450458375,0.5102114990992432,0.48,0.5,0.5349471252251893,0.6387310054045409,0.567673509908325,imS
479,0.6618016841666463,0.4957821243939357,0.48,0.5,0.5385544689015161,0.7253072536363858,0.7263966316667074,imS
480,0.6476524961630866,0.4932095447569248,0.48,0.5,0.5391976138107688,0.7407427314584509,0.7546950076738268,imS
481,0.7819706734255718,0.5176310315319221,0.48,0.5,0.5330922421170194,0.5942138108084671,0.48605865314885643,imS
482,0.8039165285834651,0.5216211870151755,0.48,0.5,0.5320947032462061,0.5702728779089472,0.4421669428330699,imS
483,0.7061631430394669,0.503847844188994,0.48,0.5,0.5365380389527515,0.6769129348660361,0.6376737139210661,imS
484,0.8115252628748135,0.5230045932499661,0.48,0.5,0.5317488516875085,0.5619724405002035,0.42694947425037294,imS
485,0.8187443420532202,0.5243171531005855,0.48,0.5,0.5314207117248536,0.5540970813964871,0.4125113158935596,imS
486,0.7458472592010751,0.5110631380365591,0.48,0.5,0.5347342154908603,0.6336211717806454,0.5583054815978499,imS
487,0.7283471549366787,0.507881300897578,0.48,0.5,0.5355296747756055,0.6527121946145323,0.5933056901266427,imS
488,0.6701292294725787,0.4972962235404689,0.48,0.5,0.5381759441148828,0.7162226587571868,0.7097415410548424,imS
489,0.6368770736226946,0.4912503770223081,0.48,0.5,0.539687405744423,0.7524977378661514,0.7762458527546108,imS
490,0.7724448008203121,0.5158990546946022,0.48,0.5,0.5335252363263495,0.6046056718323868,0.5051103983593758,imS
491,0.7117542735286342,0.5048644133688426,0.48,0.5,0.5362838966577894,0.6708135197869445,0.6264914529427316,imS
492,0.8386963388447686,0.527944788880867,0.48,0.5,0.5305138027797833,0.5323312667147979,0.37260732231046284,imS
493,0.7989770649931476,0.5207231027260268,0.48,0.5,0.5323192243184933,0.575661383643839,0.45204587001370483,imS
494,0.787734058369505,0.5186789197035464,0.48,0.5,0.5328302700741134,0.5879264817787218,0.4745318832609899,imS
495,0.8434925242284239,0.5288168225869861,0.48,0.5,0.5302957943532535,0.527099064478083,0.3630149515431521,imS
496,0.7027972720481868,0.5032358676451248,0.48,0.5,0.5366910330887188,0.6805847941292508,0.6444054559036263,imS
497,0.7791143407255117,0.5171116983137294,0.48,0.5,0.5332220754215676,0.5973298101176236,0.4917713185489767,imS
498,0.6922311648262129,0.5013147572411296,0.48,0.5,0.5371713106897176,0.6921114565532223,0.6655376703475742,imS
499,0.843002218119652,0.528727676021755,0.48,0.5,0.5303180809945613,0.5276339438694705,0.3639955637606958,imS
500,0.776432837461302,0.5166241522656912,0.48,0.5,0.5333439619335772,0.6002550864058525,0.4971343250773961,imS
501,0.8290038555685784,0.526182519194287,0.48,0.5,0.5309543702014283,0.5429048848342782,0.3919922888628433,imS
502,0.7508145778588762,0.511966286883432,0.48,0.5,0.534508428279142,0.6282022786994078,0.5483708442822477,imS
503,0.7474545724799007,0.5113553768145274,0.48,0.5,0.5346611557963682,0.6318677391128357,0.5550908550401987,imS
504,0.8047006463980219,0.5217637538905494,0.48,0.5,0.5320590615273627,0.5694174766567035,0.44059870720395633,imS
505,0.6525046778080075,0.4940917596014559,0.48,0.5,0.5389770600996361,0.7354494423912646,0.7449906443839851,imS
506,0.639721638736964,0.491767570679448,0.48,0.5,0.539558107330138,0.749394575923312,0.7705567225260721,imS
507,0.8081875794868729,0.522397741724886,0.48,0.5,0.5319005645687785,0.5656135496506841,0.43362484102625415,imS
508,0.6980148604929379,0.5023663382714433,0.48,0.5,0.5369084154321392,0.6858019703713404,0.6539702790141241,imS
509,0.6746844661723335,0.4981244483949697,0.48,0.5,0.5379688879012576,0.7112533096301816,0.700631067655333,imS
510,0.818091197754836,0.5241983995917884,0.48,0.5,0.5314504001020529,0.5548096024492698,0.413817604490328,imS
511,0.6785410414755628,0.4988256439046478,0.48,0.5,0.5377935890238381,0.7070461365721132,0.6929179170488744,imS
512,0.7428598614757139,0.5105199748137662,0.48,0.5,0.5348700062965585,0.6368801511174029,0.5642802770485721,imS
513,0.6818097610315321,0.49941995655118765,0.48,0.5,0.5376450108622031,0.7034802606928741,0.6863804779369358,imS
514,0.8103417913974054,0.5227894166177101,0.48,0.5,0.5318026458455725,0.5632635002937396,0.4293164172051893,imS
515,0.6594219825222495,0.4953494513676817,0.48,0.5,0.5386626371580796,0.7279032917939097,0.7311560349555011,imS
516,0.8412937849414397,0.5284170518075345,0.48,0.5,0.5303957370481164,0.529497689154793,0.3674124301171205,imS
517,0.8464974705978925,0.5293631764723441,0.48,0.5,0.530159205881914,0.5238209411659355,0.357005058804215,imS
518,0.7294055143527974,0.5080737298823268,0.48,0.5,0.5354815675294183,0.6515576207060392,0.5911889712944051,imS
519,0.6401916791851319,0.4918530325791149,0.48,0.5,0.5395367418552213,0.7488818045253107,0.7696166416297364,imS
520,0.648226784097489,0.493313960744998,0.48,0.5,0.5391715098137505,0.7401162355300119,0.753546431805022,imS
521,0.7432707001547538,0.5105946727554098,0.48,0.5,0.5348513318111476,0.6364319634675413,0.5634585996904923,imS
522,0.8219125494923828,0.5248931908167969,0.48,0.5,0.5312767022958008,0.5506408550992188,0.4061749010152344,imS
523,0.63795443511348,0.49144626092972366,0.48,0.5,0.5396384347675691,0.7513224344216582,0.7740911297730401,imS
524,0.7101340872614775,0.5045698340475414,0.48,0.5,0.5363575414881147,0.6725809957147517,0.6297318254770449,imS
525,0.6654459820796681,0.49644472401448514,0.48,0.5,0.5383888189963788,0.7213316559130893,0.7191080358406639,imS
526,0.8066679223112134,0.5221214404202207,0.48,0.5,0.5319696398949448,0.5672713574786763,0.43666415537757314,imS
527,0.6715620886916731,0.497556743398486,0.48,0.5,0.5381108141503785,0.7146595396090839,0.7068758226166538,imS
528,0.7256469032508608,0.5073903460456111,0.48,0.5,0.5356524134885973,0.6556579237263337,0.5987061934982785,imS
529,0.6328624243861778,0.49052044079748686,0.48,0.5,0.5398698898006283,0.7568773552150787,0.7842751512276445,imS
530,0.6895670265105162,0.5008303684564575,0.48,0.5,0.5372924078858856,0.6950177892612551,0.6708659469789677,imS
531,0.814835768973963,0.5236065034498115,0.48,0.5,0.5315983741375472,0.5583609793011312,0.42032846205207386,imS
532,0.7060498673663677,0.5038272486120668,0.48,0.5,0.5365431878469833,0.677036508327599,0.6379002652672647,imS
533,0.7882742860804092,0.5187771429237108,0.48,0.5,0.5328057142690723,0.5873371424577354,0.4734514278391816,imS
534,0.724126769189151,0.5071139580343911,0.48,0.5,0.5357215104914023,0.6573162517936535,0.6017464616216981,imS
535,0.7355831692463317,0.5091969398629694,0.48,0.5,0.5352007650342577,0.6448183608221836,0.5788336615073365,imS
536,0.7214574134937357,0.5066286206352247,0.48,0.5,0.5358428448411938,0.660228276188652,0.6070851730125285,imS
537,0.6405117204034313,0.49191122189153297,0.48,0.5,0.5395221945271168,0.7485326686508023,0.7689765591931375,imS
538,0.7128614410359342,0.5050657165519881,0.48,0.5,0.5362335708620031,0.6696057006880718,0.6242771179281315,imS
539,0.8426153051017099,0.5286573282003109,0.48,0.5,0.5303356679499223,0.5280560307981347,0.3647693897965802,imS
540,0.7489394229301394,0.5116253496236617,0.48,0.5,0.5345936625940846,0.6302479022580297,0.5521211541397213,imS
541,0.8206125992541149,0.524656836228021,0.48,0.5,0.5313357909429948,0.5520589826318747,0.40877480149177015,imS
542,0.69299365155184,0.5014533911912437,0.48,0.5,0.5371366522021891,0.6912796528525382,0.6640126968963201,imS
543,0.8085707672222654,0.5224674122222301,0.48,0.5,0.5318831469444425,0.5651955266666195,0.43285846555546914,imS
544,0.6520099487094981,0.4940018088562724,0.48,0.5,0.538999547785932,0.7359891468623657,0.7459801025810038,imS
545,0.7322462278896279,0.5085902232526596,0.48,0.5,0.5353524441868351,0.6484586604840423,0.5855075442207442,imS
546,0.7888353552477201,0.5188791554995855,0.48,0.5,0.5327802111251037,0.5867250670024873,0.4723292895045599,imS
547,0.668118421230635,0.49693062204193367,0.48,0.5,0.5382673444895166,0.7184162677483982,0.7137631575387299,imS
548,0.7052852127063733,0.5036882204920679,0.48,0.5,0.5365779448769831,0.6778706770475927,0.6394295745872532,imS
549,0.823622468343492,0.5252040851533621,0.48,0.5,0.5311989787116594,0.548775489079827,0.402755063313016,imS
550,0.694612358669209,0.5017477015762198,0.48,0.5,0.537063074605945,0.6895137905426811,0.660775282661582,imS
551,0.6423904934684556,0.49225281699426465,0.48,0.5,0.5394367957514339,0.7464830980344122,0.7652190130630889,imS
552,0.8361062948745698,0.5274738717953763,0.48,0.5,0.530631532051156,0.535156769227742,0.3777874102508604,imS
553,0.8259719903535757,0.5256312709733775,0.48,0.5,0.5310921822566557,0.5462123741597356,0.39805601929284845,imS
554,0.7136792932728065,0.5052144169586921,0.48,0.5,0.536196395760327,0.6687134982478474,0.622641413454387,imS
555,0.7266134979067191,0.5075660905284944,0.48,0.5,0.5356084773678764,0.6546034568290338,0.5967730041865618,imS
556,0.6933057847458349,0.5015101426810609,0.48,0.5,0.5371224643297348,0.6909391439136346,0.6633884305083302,imS
557,0.7860879563314231,0.5183796284238952,0.48,0.5,0.5329050928940262,0.5897222294566293,0.4778240873371537,imS
558,0.8079219232728988,0.5223494405950725,0.48,0.5,0.5319126398512319,0.565903356429565,0.4341561534542024,imS
559,0.7329954034016022,0.5087264369821095,0.48,0.5,0.5353183907544726,0.6476413781073431,0.5840091931967957,imS
560,0.6463960001082962,0.4929810909287811,0.48,0.5,0.5392547272678048,0.7421134544273132,0.7572079997834076,imS
561,0.8435498455883197,0.5288272446524218,0.48,0.5,0.5302931888368946,0.5270365320854694,0.36290030882336055,imS
562,0.8259475382396839,0.525626825134488,0.48,0.5,0.531093293716378,0.5462390491930721,0.3981049235206321,imS
563,0.6869726654680245,0.5003586664487317,0.48,0.5,0.5374103333878171,0.6978480013076097,0.6760546690639512,imS
564,0.8258629821363659,0.5256114512975211,0.48,0.5,0.5310971371756198,0.5463312922148735,0.39827403572726816,imS
565,0.8241963856652138,0.5253084337573116,0.48,0.5,0.5311728915606722,0.5481493974561304,0.4016072286695724,imS
566,0.6729181232305933,0.49780329513283517,0.48,0.5,0.5380491762167913,0.7131802292029891,0.7041637535388133,imS
567,0.6427856106616111,0.4923246564839293,0.48,0.5,0.5394188358790177,0.7460520610964242,0.7644287786767778,imS
568,0.8336921880527675,0.5270349432823214,0.48,0.5,0.5307412641794197,0.5377903403060718,0.38261562389446496,imS
569,0.7828107672621667,0.5177837758658485,0.48,0.5,0.533054056033538,0.5932973448049091,0.4843784654756667,imS
570,0.7879617652541114,0.518720320955293,0.48,0.5,0.5328199197611768,0.587678074268242,0.4740764694917771,imS
571,0.8308627165192426,0.5265204939125896,0.48,0.5,0.5308698765218527,0.5408770365244626,0.3882745669615148,imS
572,0.6598465718002313,0.49542664941822384,0.48,0.5,0.538643337645444,0.7274401034906568,0.7303068563995374,imS
573,0.637988209123835,0.4914524016588791,0.48,0.5,0.5396368995852803,0.7512855900467253,0.7740235817523299,imS
574,0.7594707245963177,0.5135401317447851,0.48,0.5,0.5341149670638038,0.6187592095312898,0.5310585508073646,imS
575,0.7004614336987116,0.5028111697634021,0.48,0.5,0.5367972075591495,0.6831329814195872,0.6490771326025767,imS
576,0.8230451295229152,0.5250991144587118,0.48,0.5,0.531225221385322,0.5494053132477289,0.4039097409541696,imS
577,0.778676169589738,0.5170320308344978,0.48,0.5,0.5332419922913756,0.5978078149930132,0.4926476608205241,imS
578,0.8009657644263588,0.5210846844411562,0.48,0.5,0.532228828889711,0.5734918933530632,0.44806847114728243,imS
579,0.7864641097835923,0.5184480199606532,0.48,0.5,0.5328879950098367,0.589311880236081,0.47707178043281534,imS
580,0.6660331951675372,0.4965514900304613,0.48,0.5,0.5383621274923847,0.7206910598172321,0.7179336096649256,imS
581,0.7708739677874368,0.5156134486886249,0.48,0.5,0.5335966378278438,0.6063193078682508,0.5082520644251265,imS
582,0.6350987246990054,0.4909270408543646,0.48,0.5,0.5397682397864089,0.7544377548738123,0.7798025506019891,imS
583,0.7748528507222522,0.5163368819495004,0.48,0.5,0.533415779512625,0.6019787083029976,0.5002942985554956,imS
584,0.8187262284104723,0.524313859710995,0.48,0.5,0.5314215350722513,0.5541168417340302,0.4125475431790554,imS
585,0.8069595589121298,0.5221744652567509,0.48,0.5,0.5319563836858123,0.5669532084594948,0.4360808821757403,imS
586,0.7868949923994635,0.5185263622544479,0.48,0.5,0.532868409436388,0.5888418264733125,0.476210015201073,imS
587,0.676495655389937,0.4984537555254431,0.48,0.5,0.5378865611186393,0.7092774668473415,0.697008689220126,imS
588,0.7248120753783389,0.507238559159698,0.48,0.5,0.5356903602100755,0.6565686450418121,0.6003758492433221,imS
589,0.6568482922688025,0.4948815076852368,0.48,0.5,0.5387796230786909,0.7307109538885791,0.7363034154623951,imS
590,0.7985655491738417,0.5206482816679713,0.48,0.5,0.5323379295830072,0.5761103099921727,0.45286890165231664,imS
591,0.7279248178515526,0.5078045123366459,0.48,0.5,0.5355488719158386,0.6531729259801244,0.5941503642968948,imS
592,0.6369825571370942,0.49126955584310805,0.48,0.5,0.539682611039223,0.7523826649413518,0.7760348857258117,imS
593,0.7926652292726609,0.5195754962313929,0.48,0.5,0.5326061259421518,0.5825470226116426,0.4646695414546781,imS
594,0.7041620311919385,0.5034840056712616,0.48,0.5,0.5366289985821846,0.6790959659724307,0.641675937616123,imS
595,0.7866905149701912,0.5184891845400348,0.48,0.5,0.5328777038649913,0.5890648927597915,0.4766189700596177,imS
596,0.7150523976472326,0.5054640722994969,0.48,0.5,0.5361339819251258,0.6672155662030189,0.6198952047055347,imS
597,0.8372689884315145,0.5276852706239118,0.48,0.5,0.5305786823440221,0.5338883762565295,0.37546202313697075,imS
598,0.7060331974639728,0.5038242177207223,0.48,0.5,0.5365439455698194,0.6770546936756661,0.6379336050720545,imS
599,0.6908202462308681,0.5010582265874306,0.48,0.5,0.5372354433531424,0.6936506404754166,0.6683595075382637,imS
600,0.7386564603845673,0.5097557200699213,0.48,0.5,0.5350610699825197,0.641465679580472,0.5726870792308651,imS
601,0.8489585624441935,0.5298106477171262,0.48,0.5,0.5300473380707185,0.5211361136972434,0.3520828751116128,imS
602,0.8432121945790364,0.5287658535598249,0.48,0.5,0.5303085366100438,0.5274048786410512,0.3635756108419271,imS
603,0.7402502000991881,0.5100454909271251,0.48,0.5,0.5349886272682187,0.6397270544372494,0.5694995998016239,imS
604,0.8418056303091964,0.5285101146016721,0.48,0.5,0.530372471349582,0.5289393123899675,0.36638873938160715,imS
605,0.748471987806977,0.5115403614194504,0.48,0.5,0.5346149096451375,0.6307578314832978,0.553056024386046,imS
606,0.7232434259132111,0.5069533501660384,0.48,0.5,0.5357616624584904,0.6582798990037697,0.6035131481735777,imS
607,0.8451555082035648,0.5291191833097391,0.48,0.5,0.5302202041725652,0.5252849001415657,0.35968898359287044,imS
608,0.6534814605310653,0.4942693564601937,0.48,0.5,0.5389326608849516,0.7343838612388379,0.7430370789378694,imS
609,0.7718311127067752,0.5157874750375955,0.48,0.5,0.5335531312406011,0.6052751497744271,0.5063377745864497,imS
610,0.6525549452166789,0.49410089913030525,0.48,0.5,0.5389747752174238,0.7353946052181685,0.7448901095666423,imS
611,0.8351288124238893,0.5272961477134345,0.48,0.5,0.5306759630716414,0.5362231137193936,0.3797423751522214,imS
612,0.6849362899151297,0.4999884163482054,0.48,0.5,0.5375028959129486,0.7000695019107676,0.6801274201697406,imS
613,0.6461764597771024,0.4929411745049277,0.48,0.5,0.5392647063737681,0.7423529529704338,0.7576470804457953,imS
614,0.6605205938078481,0.49554919887415416,0.48,0.5,0.5386127002814615,0.7267048067550749,0.7289588123843039,imS
615,0.6406095843255049,0.49192901533190997,0.48,0.5,0.5395177461670225,0.7484259080085401,0.7687808313489902,imS
616,0.7513152019072081,0.5564110559325149,1.0,0.5,0.3988765061434056,0.5433972360168713,0.06945163029524681,omL
617,0.6644912584178464,0.48730524494929217,1.0,0.5,0.5382034966328615,0.5626947550507079,0.35461048989858435,omL
618,0.661962727004912,0.501776362029472,1.0,0.5,0.563552724058944,0.5639254540098241,0.32074545990176007,omL
619,0.6898835966282783,0.511733524820566,1.0,0.5,0.49381625975629734,0.5545666187948586,0.26491582891002385,omL
620,0.6620238139226691,0.5021428835360141,1.0,0.5,0.5642857670720282,0.564047627845338,0.3195237215466197,omL
621,0.6640204461110698,0.5141226766664184,1.0,0.5,0.5882453533328369,0.5680408922221395,0.27959107777860515,omL
622,0.6611235375126641,0.4893258774924016,1.0,0.5,0.5395505849949345,0.5606741225075985,0.3586517549848031,omL
623,0.6775339739738584,0.49,1.0,0.5,0.6101358958954336,0.5512330130130708,0.2898641041045665,omL
624,0.680111540604319,0.5046265749849592,1.0,0.5,0.5089185281569617,0.5563433562537602,0.29600873444080333,omL
625,0.6615917164238726,0.49115761194463464,1.0,0.5,0.5375400746176514,0.5597105970138414,0.35493544774222346,omL
626,0.6695978131038458,0.49,1.0,0.5,0.578391252415383,0.5552010934480772,0.321608747584617,omL
627,0.677923387284609,0.49,1.0,0.5,0.611693549138436,0.5510383063576956,0.28830645086156403,omL
628,0.679114504933264,0.49,1.0,0.5,0.6164580197330557,0.5504427475333681,0.2835419802669443,omL
629,0.6783891728133453,0.49,1.0,0.5,0.6135566912533811,0.5508054135933275,0.28644330874661894,omL
630,0.7057042570163794,0.46257744579017235,1.0,0.5,0.5217182971934482,0.5874225542098276,0.3051548915803447,omL
631,0.660788856762908,0.49,1.0,0.5,0.5431554270516319,0.5596055716185461,0.3568445729483681,omL
632,0.7015749507596333,0.46505502954422007,1.0,0.5,0.5233700196961467,0.58494497045578,0.31011005908844,omL
633,0.6659175089084708,0.5255050534508247,1.0,0.5,0.6110101069016494,0.5718350178169416,0.2416498218305844,omL
634,0.6701519118136864,0.49,1.0,0.5,0.5806076472547455,0.5549240440931569,0.31939235274525457,omL
635,0.6753956412098521,0.49,1.0,0.5,0.601582564839408,0.5523021793950741,0.29841743516059205,omL
636,0.6675722867800807,0.5354337206804844,1.0,0.5,0.6308674413609688,0.5751445735601615,0.20855426439838531,omL
637,0.7094236107101886,0.46034583357388686,1.0,0.5,0.5202305557159246,0.5896541664261131,0.3006916671477736,omL
638,0.6731800323501358,0.49,1.0,0.5,0.5927201294005429,0.5534099838249322,0.30727987059945716,omL
639,0.7401437837131697,0.5482863881550324,1.0,0.5,0.4161414251705561,0.545428402961242,0.10499705182173302,omL
640,0.6722291689058543,0.49,1.0,0.5,0.588916675623417,0.5538854155470729,0.311083324376583,omL
641,0.6660126287116162,0.48639242277303035,1.0,0.5,0.5375949485153536,0.5636075772269697,0.3527848455460607,omL
642,0.6675966994357843,0.5355801966147056,1.0,0.5,0.6311603932294112,0.5751933988715685,0.20806601128431473,omL
643,0.6646521338757314,0.4872087196745612,1.0,0.5,0.5381391464497075,0.5627912803254389,0.3544174393491224,omL
644,0.6968399883925642,0.5167927188309557,1.0,0.5,0.48306547248421905,0.5533018202922612,0.24278185511456857,omL
645,0.6626731786464711,0.5060390718788266,1.0,0.5,0.5720781437576531,0.5653463572929422,0.30653642707057827,omL
646,0.6652476000969212,0.4868514399418473,1.0,0.5,0.5379009599612316,0.5631485600581527,0.3537028798836946,omL
647,0.668600304442133,0.4962547668670058,1.0,0.5,0.5267086204076126,0.5584363082832486,0.3326353949568494,omL
648,0.6777604642717834,0.49,1.0,0.5,0.6110418570871331,0.5511197678641084,0.28895814291286687,omL
649,0.6800441699267588,0.47797349804394473,1.0,0.5,0.5319823320292966,0.5720265019560553,0.33594699608788947,omL
650,0.6617977553487715,0.5007865320926289,1.0,0.5,0.5615730641852579,0.563595510697543,0.3240448930245703,omL
651,0.666331352389571,0.5279881143374254,1.0,0.5,0.6159762286748509,0.5726627047791418,0.23337295220858192,omL
652,0.6628073148339766,0.4920416835156193,1.0,0.5,0.535661422529309,0.5594895791210952,0.3510676346191656,omL
653,0.75458930200083,0.5587922196369672,1.0,0.5,0.3938165332714446,0.5428019450907582,0.059034039088268375,omL
654,0.6798594383598062,0.49,1.0,0.5,0.6194377534392248,0.5500702808200969,0.2805622465607752,omL
655,0.6768883123382333,0.49,1.0,0.5,0.6075532493529331,0.5515558438308834,0.292446750647067,omL
656,0.6817970734863682,0.4769217559081791,1.0,0.5,0.5312811706054528,0.573078244091821,0.3338435118163582,omL
657,0.6652390742187251,0.5214344453123503,1.0,0.5,0.6028688906247005,0.57047814843745,0.2552185156254992,omL
658,0.6777579720137188,0.50291488873725,1.0,0.5,0.5125558614333439,0.5567712778156876,0.3034973617745313,omL
659,0.6817474254902645,0.47695154470584133,1.0,0.5,0.5313010298038943,0.5730484552941587,0.3339030894116826,omL
660,0.6692889034436107,0.5457334206616637,1.0,0.5,0.6514668413233274,0.5785778068872212,0.17422193112778767,omL
661,0.7045952443215334,0.5224329049611152,1.0,0.5,0.47108007695763027,0.5518917737597212,0.2181060407951211,omL
662,0.6603707351422773,0.49026962555801984,1.0,0.5,0.539427045689208,0.5599325936104951,0.35882038818366324,omL
663,0.6790448849826032,0.5038508254418932,1.0,0.5,0.5105669959359769,0.5565372936395268,0.29940263869171707,omL
664,0.6770125453640786,0.49,1.0,0.5,0.6080501814563144,0.5514937273179608,0.2919498185436857,omL
665,0.6938776698697622,0.4696733980781427,1.0,0.5,0.5264489320520952,0.5803266019218573,0.31934679615628536,omL
666,0.676964083840988,0.49,1.0,0.5,0.6078563353639522,0.551517958079506,0.2921436646360478,omL
667,0.696642579753961,0.4680144521476234,1.0,0.5,0.5253429680984156,0.5819855478523767,0.3160289042952467,omL
668,0.668950739553443,0.5437044373206579,1.0,0.5,0.6474088746413156,0.5779014791068859,0.1809852089311407,omL
669,0.6787260979726087,0.4787643412164348,1.0,0.5,0.5325095608109566,0.5712356587835652,0.33752868243286954,omL
670,0.6696973136563062,0.4841816118062162,1.0,0.5,0.5361210745374775,0.5658183881937838,0.34836322361243244,omL
671,0.7068160689233393,0.46191035864599644,1.0,0.5,0.5212735724306643,0.5880896413540035,0.3038207172919928,omL
672,0.6625448816543982,0.5052692899263886,1.0,0.5,0.5705385798527772,0.5650897633087962,0.3091023669120379,omL
673,0.6733865181875995,0.49,1.0,0.5,0.5935460727503982,0.5533067409062002,0.30645392724960185,omL
674,0.6999883053249656,0.4660070168050206,1.0,0.5,0.5240046778700138,0.5839929831949794,0.3120140336100412,omL
675,0.6742883441022949,0.49,1.0,0.5,0.5971533764091792,0.5528558279488527,0.3028466235908208,omL
676,0.6653008732178315,0.49,1.0,0.5,0.5612034928713259,0.5573495633910843,0.3387965071286742,omL
677,0.6748777119303631,0.49,1.0,0.5,0.599510847721452,0.5525611440348186,0.30048915227854806,omL
678,0.7295340250415371,0.5405702000302087,1.0,0.5,0.43253832493580635,0.5473574499924478,0.13875537486783654,omL
679,0.6788840310524702,0.49,1.0,0.5,0.6155361242098805,0.550557984473765,0.2844638757901196,omL
680,0.6669688486950232,0.49,1.0,0.5,0.5678753947800924,0.5565155756524885,0.33212460521990766,omL
681,0.6622041675191495,0.49,1.0,0.5,0.5488166700765977,0.5588979162404254,0.3511833299234023,omL
682,0.7659951485825531,0.5670873807873112,1.0,0.5,0.37618931582696347,0.5407281548031722,0.022742709055512955,omL
683,0.6796157806343466,0.49,1.0,0.5,0.6184631225373859,0.5501921096828268,0.28153687746261413,omL
684,0.6660445711661421,0.5262674269968525,1.0,0.5,0.6125348539937049,0.5720891423322841,0.23910857667715857,omL
685,0.67540549426064,0.49,1.0,0.5,0.6016219770425599,0.55229725286968,0.29837802295744004,omL
686,0.7064310732192353,0.46214135606845885,1.0,0.5,0.5214275707123059,0.5878586439315412,0.30428271213691765,omL
687,0.6678068086304588,0.49,1.0,0.5,0.5712272345218352,0.5560965956847707,0.32877276547816475,omL
688,0.6725414231255289,0.4824751461246827,1.0,0.5,0.5349834307497885,0.5675248538753174,0.3449502922493653,omL
689,0.6769569227407398,0.49,1.0,0.5,0.6078276909629593,0.5515215386296302,0.2921723090370408,omL
690,0.6627970643142055,0.5067823858852324,1.0,0.5,0.5735647717704648,0.5655941286284109,0.304058713715892,omL
691,0.6663606424343229,0.5281638546059373,1.0,0.5,0.6163277092118746,0.5727212848686458,0.2327871513135423,omL
692,0.6600606207268053,0.49,1.0,0.5,0.5402424829072211,0.5599696896365974,0.3597575170927789,omL
693,0.6682252521432736,0.4850648487140359,1.0,0.5,0.5367098991426906,0.5649351512859642,0.3501296974280717,omL
694,0.7406556810559491,0.5486586771315993,1.0,0.5,0.41535031109535137,0.5453353307171002,0.10336828754925281,omL
695,0.7037735856208969,0.5218353349970158,1.0,0.5,0.4723499131313412,0.5520411662507461,0.22072040938805548,omL
696,0.724253775150106,0.5367300182909862,1.0,0.5,0.4406987111316544,0.5483174954272535,0.15555616997693544,omL
697,0.6654350467752834,0.49,1.0,0.5,0.5617401871011337,0.5572824766123583,0.33825981289886625,omL
698,0.6740381307471379,0.49,1.0,0.5,0.5961525229885515,0.5529809346264312,0.30384747701144854,omL
699,0.664764091679905,0.5185845500794298,1.0,0.5,0.5971691001588596,0.5695281833598099,0.26471816640190077,omL
700,0.6685742357466737,0.5414454144800425,1.0,0.5,0.6428908289600849,0.5771484714933475,0.18851528506652532,omL
701,0.7509660411657765,0.5561571208478374,1.0,0.5,0.39941611819834544,0.5434607197880407,0.07056259629071127,omL
702,0.6613153980572722,0.49789238834363314,1.0,0.5,0.5557847766872663,0.5626307961145445,0.3336920388545562,omL
703,0.7346005972147591,0.5442549797925521,1.0,0.5,0.4247081679408268,0.546436255051862,0.12263446340758452,omL
704,0.7523171046078871,0.5571397124420997,1.0,0.5,0.397328111060538,0.5432150718894752,0.06626375806581358,omL
705,0.6758909532892022,0.49,1.0,0.5,0.6035638131568088,0.552054523355399,0.2964361868431912,omL
706,0.6787600557331687,0.4787439665600988,1.0,0.5,0.5324959777067325,0.5712560334399013,0.3374879331201976,omL
707,0.7050389759943806,0.522755618905004,1.0,0.5,0.4703943098268664,0.551811095273749,0.21669416729060725,omL
708,0.7021516229873208,0.5206557258089606,1.0,0.5,0.47485658265595876,0.5523360685477599,0.22588119958579747,omL
709,0.7134030145748846,0.5288385560544615,1.0,0.5,0.45746806838426923,0.5502903609863846,0.19008131726173072,omL
710,0.6709592444868856,0.49,1.0,0.5,0.5838369779475422,0.5545203777565573,0.3161630220524579,omL
711,0.7033028708691995,0.4640182774784803,1.0,0.5,0.5226788516523202,0.5859817225215197,0.30803655495696053,omL
712,0.6694561637262425,0.49,1.0,0.5,0.57782465490497,0.5552719181368788,0.32217534509503,omL
713,0.6893943481615975,0.47236339110304154,1.0,0.5,0.5282422607353611,0.5776366088969584,0.32472678220608303,omL
714,0.6790831779724729,0.49,1.0,0.5,0.6163327118898911,0.5504584110137637,0.2836672881101089,omL
715,0.6940794026085473,0.46955235843487164,1.0,0.5,0.5263682389565811,0.5804476415651284,0.3191047168697433,omL
716,0.7002612223695143,0.46584326657829145,1.0,0.5,0.5238955110521943,0.5841567334217086,0.3116865331565828,omL
717,0.6690418986517852,0.48457486080892886,1.0,0.5,0.536383240539286,0.5654251391910712,0.34914972161785773,omL
718,0.7581337346423765,0.5613699888308192,1.0,0.5,0.3883387737345091,0.5421575027922952,0.04775629886516575,omL
719,0.6646052216227397,0.5176313297364378,1.0,0.5,0.5952626594728756,0.5692104432454793,0.2678955675452074,omL
720,0.6684982685244281,0.5409896111465679,1.0,0.5,0.6419792222931358,0.5769965370488559,0.1900346295114405,omL
721,0.6611438248572503,0.49686294914350143,1.0,0.5,0.5537258982870028,0.5622876497145005,0.33712350285499526,omL
722,0.7301508226847949,0.5410187801343963,1.0,0.5,0.4315850922144079,0.547245304966401,0.13679283691201619,omL
723,0.6986194615910799,0.5180868811571491,1.0,0.5,0.4803153775410583,0.5529782797107128,0.23711989493747293,omL
724,0.7221546899998458,0.5352034109089787,1.0,0.5,0.44394275181842024,0.5486991472727554,0.16223507727321815,omL
725,0.6652208705257242,0.5213252231543454,1.0,0.5,0.6026504463086907,0.5704417410514484,0.25558258948551554,omL
726,0.666912866656998,0.5314771999419882,1.0,0.5,0.6229543998839762,0.573825733313996,0.2217426668600397,omL
727,0.6606315209731853,0.49,1.0,0.5,0.5425260838927412,0.5596842395134074,0.3574739161072588,omL
728,0.6702629650539018,0.49,1.0,0.5,0.5810518602156071,0.5548685174730492,0.31894813978439296,omL
729,0.6671867155842439,0.533120293505463,1.0,0.5,0.626240587010926,0.5743734311684876,0.2162656883151235,omL
730,0.6771955640415434,0.479682661575074,1.0,0.5,0.5331217743833827,0.570317338424926,0.33936532315014795,omL
731,0.7057428841718502,0.46255426949688994,1.0,0.5,0.52170284633126,0.5874457305031101,0.30510853899377977,omL
732,0.6762483184821673,0.49,1.0,0.5,0.6049932739286686,0.5518758407589165,0.2950067260713314,omL
733,0.6798907019907846,0.47806557880552925,1.0,0.5,0.5320437192036862,0.5719344211944708,0.3361311576110585,omL
734,0.6850710704831613,0.4749573577101032,1.0,0.5,0.5299715718067355,0.5750426422898968,0.32991471542020645,omL
735,0.6705311074595015,0.49,1.0,0.5,0.5821244298380057,0.5547344462702494,0.31787557016199425,omL
736,0.6827901673218576,0.47632589960688543,1.0,0.5,0.5308839330712569,0.5736741003931146,0.3326517992137708,omL
737,0.6653957565677068,0.5223745394062408,1.0,0.5,0.6047490788124814,0.5707915131354135,0.25208486864586427,omL
738,0.6884623831162355,0.4729225701302587,1.0,0.5,0.5286150467535058,0.5770774298697413,0.3258451402605173,omL
739,0.6790185257533169,0.49,1.0,0.5,0.6160741030132675,0.5504907371233416,0.2839258969867325,omL
740,0.6774996823392692,0.49,1.0,0.5,0.6099987293570766,0.5512501588303654,0.29000127064292347,omL
741,0.697469098577768,0.4675185408533392,1.0,0.5,0.5250123605688929,0.5824814591466607,0.31503708170667843,omL
742,0.6676523405930629,0.5359140435583771,1.0,0.5,0.6318280871167542,0.5753046811861257,0.206953188138743,omL
743,0.6759861035678211,0.49,1.0,0.5,0.6039444142712843,0.5520069482160895,0.2960555857287157,omL
744,0.7230234263000704,0.5358352191273239,1.0,0.5,0.44260015935443664,0.548541195218169,0.15947091631795768,omL
745,0.6673164158992513,0.5338984953955077,1.0,0.5,0.6277969907910155,0.5746328317985026,0.21367168201497433,omL
746,0.6615134414670646,0.49,1.0,0.5,0.5460537658682582,0.5592432792664678,0.35394623413174187,omL
747,0.6656216184946718,0.5237297109680308,1.0,0.5,0.6074594219360616,0.5712432369893437,0.24756763010656396,omL
748,0.6670984237731722,0.49,1.0,0.5,0.5683936950926884,0.556450788113414,0.3316063049073115,omL
749,0.7451930253117437,0.5519585638630863,1.0,0.5,0.40833805179094157,0.5445103590342285,0.08893128309899734,omL
750,0.6829316874857011,0.47624098750857935,1.0,0.5,0.5308273250057196,0.5737590124914207,0.33248197501715865,omL
751,0.732772325480547,0.542925327622216,1.0,0.5,0.427533678802791,0.546768668094446,0.12845169165280493,omL
752,0.6653166390123713,0.5218998340742274,1.0,0.5,0.6037996681484548,0.5706332780247425,0.2536672197525754,omL
753,0.6648939848921355,0.49,1.0,0.5,0.5595759395685419,0.5575530075539323,0.3404240604314581,omL
754,0.7406544849688115,0.8059056480998034,0.48,0.5,0.8536073090187131,0.5416438541122788,0.29,om
755,0.6979967402552804,0.5727649680261357,0.48,0.5,0.7227649680261358,0.4883112028020059,0.31523177222914456,om
756,0.605207959874644,0.7478480936258305,0.909728695506169,0.5,0.7491681605014237,0.5587522407521354,0.47833632100284723,om
757,0.725941605395069,0.8731612466633135,0.48,0.5,0.5802242869854043,0.5146635695218935,0.28872196412682444,om
758,0.6426823990047604,0.6747811211942875,0.48,0.5,0.6702918384076166,0.4074635201990479,0.28507295960190415,om
759,0.63,0.6304875580445749,0.48,0.5,0.6916587093687976,0.421902488391085,0.28,om
760,0.7723071688458925,0.6805128554102738,0.48,0.5,0.8207686026150709,0.40051285541027387,0.28948714458972613,om
761,0.6666499752059906,0.7413099652883867,0.48,0.5,0.7892699057827639,0.4393199801647924,0.2726700049588019,om
762,0.6562398320552063,0.6254368930213167,0.48,0.5,0.6818394121932221,0.5275203358895875,0.3050406717791748,om
763,0.6960260023363333,0.8626493317757777,0.48,0.5,0.7863896717287221,0.5347013364484444,0.2673506682242222,om
764,0.6792746690287899,0.768703971654522,0.48,0.5,0.8320213593166882,0.4536266548560508,0.2685493380575797,om
765,0.7083293690184298,0.7171001816716731,0.48,0.5,0.6820882887269628,0.4329236042177478,0.35540576480068203,om
766,0.6181618682142989,0.7857488512987252,0.48,0.5,0.748850229740255,0.4340241959091076,0.3442511487012748,om
767,0.6596188002261862,0.8072524617994457,0.48,0.5,0.5329009847197782,0.4063366157325942,0.31473267685348116,om
768,0.6551381296447472,0.8477992808969521,0.48,0.5,0.6755064753640729,0.4578913673267836,0.26981582714033714,om
769,0.6521779591662311,0.6656440816675376,0.48,0.5,0.6470783672902514,0.3616334693746734,0.2667330612506532,om
770,0.6122533252402896,0.7533799878604345,0.48,0.5,0.5186377467544437,0.33788663834101385,0.3315022168268598,om
771,0.6583295008258863,0.7611529617290507,0.48,0.5,0.5992236938324054,0.4080707321033547,0.263082229625696,om
772,0.6487425423351618,0.7555346489050231,0.48,0.5,0.6926434138657629,0.39641578686027745,0.2967921065698613,om
773,0.6269273096539685,0.5299449744984097,0.48,0.5,0.7469823351555588,0.4315638579238109,0.28768172586507884,om
774,0.6235130762367805,0.6689215425793169,0.48,0.5,0.560674035887927,0.40094365024309775,0.33,om
775,0.7129397075409656,0.6341928290164137,0.48,0.5,0.7480480736884828,0.45867463442620693,0.24636148762296553,om
776,0.7171351724715729,0.8736175066979688,0.48,0.5,0.5594470026791875,0.49482334226395835,0.2970353315472083,om
777,0.5449168945232946,0.7933887369844703,0.48,0.5,0.6618605794456459,0.3661572808203919,0.3661572808203919,om
778,0.6120175065803054,0.72377241445603,0.48,0.5,0.5382450921242754,0.3421050394818323,0.3249562335492366,om
779,0.6787193356162785,0.8015395017122089,0.48,0.5,0.7104313955474789,0.47316528253391354,0.30709355479457384,om
780,0.67,0.8623291975152352,0.48,0.5,0.7344177006211912,0.5176708024847648,0.30301240745429436,om
781,0.7165600338612252,0.8000913995475213,0.48,0.5,0.7466514334087464,0.54,0.22366846500757787,om
782,0.6726845712104171,0.7836240045812409,0.48,0.5,0.7373154287895829,0.5024160030541607,0.3512080015270803,om
783,0.6760948939492983,0.7912408484056134,0.48,0.5,0.8009489394929832,0.4851459544563151,0.30905106050701675,om
784,0.5499800301861031,0.8159960060372207,0.48,0.5,0.7239973373581471,0.4119786988651766,0.37800133132092645,om
785,0.7068385540819825,0.8715759034988421,0.48,0.5,0.6505349400866139,0.5347373494168597,0.32789879533487715,om
786,0.7261986637367205,0.8736519944064665,0.48,0.5,0.5800373354642032,0.5149439968036952,0.2887453330669746,om
787,0.7351909863521088,0.8711459181126531,0.48,0.5,0.7094613957888436,0.5540450682394558,0.29,om
788,0.6620573836632623,0.6094866118357959,0.48,0.5,0.7258852326734754,0.473314460846009,0.28291430760575115,om
789,0.7578779146820811,0.7033429384971075,0.48,0.5,0.7547384517148384,0.53,0.23636625595375657,om
790,0.7580509002580123,0.8007200485809328,0.48,0.5,0.6873308516770794,0.4713345741614603,0.29,om
791,0.6192958208764919,0.760725947165183,0.48,0.5,0.5142903788660732,0.3443012628869107,0.32713974742261787,om
792,0.7334680404699525,0.892463123619176,0.48,0.5,0.5669852494476704,0.5199508314922348,0.29200983370155303,om
793,0.74,0.8327751434747122,0.48,0.5,0.6708372847879318,0.5356020713771074,0.2115710007204975,om
794,0.7092636206350416,0.785437131457882,0.48,0.5,0.6314727587299169,0.5076462695527575,0.28720578369409466,om
795,0.6721020801838716,0.8321020801838717,0.7321922736027626,0.5,0.6669970283087548,0.5590991084926265,0.4015465825550681,om
796,0.6747655012343039,0.7571482518514557,0.48,0.5,0.7440075525920381,0.4861013520983165,0.28447655012343037,om
797,0.5934369776650394,0.8204909968092914,0.48,0.5,0.7689579851100263,0.449939978728609,0.34852700957212596,om
798,0.7289242585386586,0.84,0.48,0.5,0.8578485170773172,0.5792828390257724,0.2914343219484551,om
799,0.693220674455467,0.5991252442904897,0.48,0.5,0.773220674455467,0.399662023366401,0.2148310116832005,om
800,0.7214848128643019,0.7885151871356981,0.48,0.5,0.7979204144723395,0.5593068048241132,0.32495078874373584,om
801,0.723461078424495,0.7141600445514005,0.48,0.5,0.7986358199562213,0.5120968983807164,0.29034948306345276,om
802,0.7654147173184906,0.5823802632400753,0.48,0.5,0.8735806042458869,0.530458528268151,0.20779498055856593,om
803,0.7735587203535151,0.6091459238886667,0.48,0.5,0.8622063982324242,0.483736635404303,0.2320284831816364,om
804,0.7333899796646961,0.6688470549053205,0.48,0.5,0.8287459715305745,0.5336610020335304,0.2622370345700166,om
805,0.724659703240785,0.6757940257715017,0.48,0.5,0.7288656774692832,0.4544328387346416,0.32090745802457343,om
806,0.5778534566293833,0.689918587016324,0.48,0.5,0.7680162825967353,0.3778534566293832,0.420244238951028,om
807,0.6869151132686653,0.6472877831716629,0.48,0.5,0.7323050377562217,0.4161352642935521,0.282712216828337,om
808,0.7470282074337499,0.7624294814156254,0.48,0.5,0.7640564148674998,0.5154012739818755,0.17459872601812454,om
809,0.544569880709235,0.8066495617214681,0.48,0.5,0.723350438278532,0.39786900415217086,0.35431330653125437,om
810,0.6513535975643906,0.7198950365901468,0.48,0.5,0.7311436707446842,0.42708287805151246,0.2757292804871219,om
811,0.680137573245364,0.7597095675931208,0.48,0.5,0.8400611436646062,0.45012228732921233,0.26989299858693927,om
812,0.6707100148906973,0.8714798213116328,0.48,0.5,0.73781016379767,0.4964499255465137,0.25142002978139455,om
813,0.60136767841631,0.6627634673265376,0.48,0.5,0.75621077386123,0.37378922613876997,0.39829040197961263,om
814,0.5972049619907653,0.6288431772626977,0.48,0.5,0.7374456582580804,0.346048139253463,0.3616382152719324,om
815,0.6070429600188711,0.7484261236638126,0.48,0.5,0.7571701018130351,0.43697938912178913,0.4157869381680937,om
816,0.644562600936634,0.8337501835211527,0.48,0.5,0.7392499632957694,0.46762512846480686,0.29624981647884735,om
817,0.596171107908121,0.6872342215816243,0.48,0.5,0.7482973352551274,0.3768798503571231,0.4282973352551274,om
818,0.7146992803194155,0.7040978409582467,0.48,0.5,0.7246992803194156,0.54,0.2006014393611689,om
819,0.7471086640099875,0.5585543320049937,0.48,0.5,0.8380325506849772,0.5319076113325011,0.22479894732251351,om
820,0.6306177737016129,0.6844400366854841,0.48,0.5,0.6503088868508065,0.41401552906048367,0.2815444342540322,om
821,0.5320722272273185,0.7821410140908036,0.48,0.5,0.7144282028181607,0.3948581258182381,0.3753568356818006,om
822,0.6960436877759058,0.6251092194397644,0.48,0.5,0.7382742692190398,0.5538131063327717,0.3161868936672283,om
823,0.6362774421293793,0.6335030208355859,0.48,0.5,0.6531387210646897,0.4508033738409657,0.29569360532344835,om
824,0.6311212558901177,0.6799086969889407,0.48,0.5,0.6505606279450589,0.417288163285765,0.28280313972529425,om
825,0.6717350863780279,0.5534701727560559,0.48,0.5,0.719771487539577,0.45849342608239513,0.2647947408659161,om
826,0.6886454098411123,0.5872908196822246,0.48,0.5,0.766274877063059,0.3950797130958287,0.21406377047666292,om
827,0.6211373323666226,0.5645183721963797,0.48,0.5,0.695276593774128,0.4822746647332451,0.3684835568445033,om
828,0.6515928620351383,0.5153095401171279,0.48,0.5,0.6605309540117128,0.5370797529355797,0.33079643101756917,om
829,0.6513363404572335,0.5347222984588194,0.48,0.5,0.6646771916003172,0.5373273190855331,0.3246546381710661,om
830,0.5815003090847348,0.7715623068220407,0.8797520090507764,0.5,0.7584376931779593,0.5414383113474289,0.487625540898286,om
831,0.634243813587751,0.8633137796742838,0.48,0.5,0.7276162542391834,0.4713950508702007,0.28098869489061584,om
832,0.6569880461344387,0.8373976092268878,0.48,0.5,0.7382650728179252,0.5261205825434013,0.3708674635910374,om
833,0.6605031478248784,0.7794558374293743,0.48,0.5,0.7871971576553766,0.49606781776837783,0.3311293398869988,om
834,0.5359273535473184,0.7636658805896194,0.48,0.5,0.7301355886210208,0.39013558862102077,0.36552058768425605,om
835,0.583050774887897,0.7284048795568392,0.48,0.5,0.7385443455552638,0.3837088691110528,0.31694922511210294,om
836,0.7516504923844262,0.57,0.48,0.5,0.8545929894553593,0.5017699882837325,0.20846900351488024,om
837,0.6033686877496652,0.6203680543442104,0.48,0.5,0.732052398219043,0.34373674209387556,0.3469993665945452,om
838,0.6210683513255233,0.6599253312037645,0.7261114327681977,0.5,0.7331303851803342,0.45305571638409886,0.38305571638409885,om
839,0.6441387284987351,0.5836578040458258,0.48,0.5,0.6946196529516443,0.3382774569974702,0.2612416185496205,om
840,0.6512934256863099,0.6716408311767883,0.48,0.5,0.7150579009150797,0.4090539798041688,0.30140922751646937,om
841,0.6352355469998351,0.5318843759986804,0.48,0.5,0.7428800770014845,0.38717343600197934,0.2695289060003299,om
842,0.5814119238630098,0.7228238477260195,0.7583550102191262,0.5,0.77,0.4831185622123058,0.487470866760267,om
843,0.6014238124545798,0.7471856879087817,0.9753205841206165,0.5,0.7709492083030532,0.5833555418786275,0.5086095003633615,om
844,0.6248482061323399,0.5363661448089401,0.5692977603727736,0.5,0.7865654707548934,0.4740417047157467,0.32121435094128015,om
845,0.7105645629754485,0.8705645629754486,0.5893316232340484,0.5,0.6120506243207878,0.5426151872962364,0.33835821796890597,om
846,0.6519090224962225,0.76,0.6625913537745536,0.5,0.8154203946841947,0.49915921063161056,0.3577843046993046,om
847,0.6148033179658196,0.725458924746421,0.7434091552591275,0.5,0.7107867281367217,0.5011800922050826,0.40157345627344354,om
848,0.7425667013961279,0.6006607454984452,0.5639136192589027,0.5,0.8622490420798474,0.5396823406837196,0.25163915031317097,om
849,0.6257376215334265,0.6313118923328676,0.7323287360523645,0.5,0.7133772326264618,0.5642623784665735,0.4221970381729794,om
850,0.6499818410507571,0.7907580560312351,0.8000726357969719,0.5,0.8046028130351395,0.5861552429960956,0.43157058891019906,om
851,0.6794146860366242,0.76,0.724695755073036,0.5,0.8017658744146496,0.5794113751951168,0.40352512714628447,om
852,0.6437151170729098,0.8037151170729099,0.8376295651577632,0.5,0.7075498327529859,0.5712649498258957,0.44818230766593375,om
853,0.6083560910306727,0.7516439089693273,0.5654832664050222,0.5,0.5527416332025111,0.3727416332025112,0.36123427041721967,om
854,0.5439605990850527,0.7950246255718422,0.6357438940528422,0.5,0.7349753744281579,0.4428965725982632,0.4219310483988421,om
855,0.6733088965393587,0.7704726995056227,0.7277098128538104,0.5,0.7595273004943773,0.5638182512359433,0.3262550591459805,om
856,0.5796190905427419,0.73284588282704,0.48,0.5,0.7375350266302182,0.38350700532604365,0.32038090945725817,om
857,0.7137929720380145,0.6804132937444554,0.48,0.5,0.7604828111847942,0.4613789161140437,0.18144843355438253,om
858,0.6883219381326641,0.6185270517447107,0.48,0.5,0.7817464330713515,0.40006837120401556,0.22006837120401554,om
859,0.65794833657953,0.52589667315906,0.48,0.5,0.6818579255937074,0.5101937378267627,0.30615499026141013,om
860,0.7036110771176133,0.6285647184999045,0.48,0.5,0.7836110771176134,0.43083323135284013,0.23041661567642005,om
861,0.636750644329161,0.5440051546332874,0.48,0.5,0.7292442010375516,0.36899226805006885,0.26649871134167813,om
862,0.6583273822421567,0.5693166702780386,0.48,0.5,0.756007141309412,0.42167261775784337,0.29133095289686267,om
863,0.63,0.5344815961493652,0.48,0.5,0.7588628826954443,0.44110368077012696,0.28,om
864,0.6282164845812763,0.4951884084908326,0.48,0.5,0.7888650356426304,0.44886503564263036,0.28162137765338524,om
865,0.6354917206427333,0.5196552914707597,0.48,0.5,0.7954917206427333,0.45,0.2789016558714534,om
866,0.6495347088921062,0.5583714811223717,0.48,0.5,0.8036742962244744,0.47539512155973807,0.28195347088921063,om
867,0.6666543030394199,0.7297025895275364,0.6849069310863787,0.5,0.7154646611495655,0.4930482864881165,0.42304828648811654,om
868,0.660855536968446,0.611711073936892,0.48,0.5,0.6940412751518725,0.35979362424063716,0.28979362424063715,om
869,0.7195625701459766,0.7059017556517243,0.48,0.5,0.7004912217413786,0.4259017556517243,0.3504374298540234,om
870,0.7205925143612208,0.6852841331571513,0.48,0.5,0.7153083812040696,0.4476541906020348,0.33175329503674433,om
871,0.6873901216841397,0.7202772174163001,0.5868830611295214,0.5,0.6984989913493402,0.4628870957321604,0.3928870957321604,om
872,0.6466711073890116,0.5800066610835173,0.48,0.5,0.7050033305417586,0.34167443793077024,0.26667110738901156,om
873,0.6718043222387501,0.80210923298625,0.48,0.5,0.73819567776125,0.5147394886575001,0.35736974432875,om
874,0.7356696310493298,0.5928869126337801,0.48,0.5,0.8227827184155496,0.48041168929347633,0.23814485438963362,om
875,0.6007735649242729,0.719129739460193,0.48,0.5,0.7250483478077671,0.3900966956155341,0.33961321753786355,om
876,0.6805815416499418,0.6310800059213204,0.48,0.5,0.7308307737856311,0.40141231543557293,0.3,om
877,0.7582736080459327,0.4104315979885168,0.48,0.5,0.5064739698277523,0.5977687637933027,0.6273371658047859,imU
878,0.725372464201908,0.4110458929968199,0.48,0.5,0.648209178599364,0.7574642501955479,0.7810458929968199,imU
879,0.771285993880278,0.437095331293426,0.48,0.5,0.47904668706574005,0.735809337413148,0.6959756778861571,imU
880,0.6377318514490922,0.38923616156123986,0.48,0.5,0.24472323122479678,0.588519056653225,0.48393602602066405,imU
881,0.762631787764586,0.4464909496472187,0.48,0.5,0.6721636498824063,0.8252045623530079,0.8421636498824062,imU
882,0.7936536743580437,0.5345194884629345,0.48,0.5,0.5137012788426638,0.6691341858951093,0.6900476044846202,imU
883,0.8275969169530907,0.4751938339061813,0.48,0.5,0.6223645449605427,0.749186126288908,0.7767830432419988,imU
884,0.6690153147884333,0.43286154798339543,0.48,0.5,0.5928615479833954,0.74,0.77,imU
885,0.8202707250467122,0.423143646050173,0.48,0.5,0.5420055223512114,0.733143646050173,0.7562872921003461,imU
886,0.8274386984292015,0.39766148272254087,0.48,0.5,0.59,0.8612694397904719,0.8751001811517423,imU
887,0.6845358024842425,0.42772325103510106,0.48,0.5,0.5658664609720712,0.7286162551755053,0.7499646091088894,imU
888,0.7734845198712018,0.5168970612235827,0.48,0.5,0.5012887003219955,0.7869690397424036,0.7330309602575963,imU
889,0.7809816430635799,0.36773002023121726,0.48,0.5,0.48447839739885473,0.8135583164739856,0.7115950303468259,imU
890,0.8072814865923069,0.42912594636922746,0.48,0.5,0.42543702681538625,0.6903888505576985,0.6827185134076932,imU
891,0.7900976066170291,0.3973173774468602,0.48,0.5,0.57,0.80365868872343,0.820292819851087,imU
892,0.8068308347773845,0.49992862025676776,0.48,0.5,0.57,0.7789436115924615,0.7989436115924615,imU
893,0.8259705207292285,0.5134998724885428,0.48,0.5,0.732852858669057,0.8857057173381142,0.7062353241203428,imU
894,0.5924339964441299,0.378753666864215,0.48,0.5,0.13228732187552983,0.5161729958514849,0.3810996585671849,imU
895,0.7793818736837924,0.3993818736837923,0.48,0.5,0.6546909368418962,0.7808001526304289,0.8061092157885328,imU
896,0.6206747701571901,0.3881592645030081,0.48,0.5,0.658404862094314,0.6641106435598679,0.702515505654182,imU
897,0.6181993297722392,0.329479061681135,0.48,0.5,0.6259003351138803,0.7471800670227761,0.77,imU
898,0.6507530711945786,0.36594133899322323,0.48,0.5,0.597472850163795,0.7226611179624396,0.7426611179624396,imU
899,0.6536744806497962,0.41353471826721033,0.48,0.5,0.6107439171842168,0.6236744806497961,0.6691163204331975,imU
900,0.693966009619654,0.3757061927665843,0.48,0.5,0.5377175228933663,0.6502711469798518,0.687988669873218,imU
901,0.7180825647597211,0.36599311960335656,0.48,0.5,0.5079449568268527,0.7121238471395815,0.6880137607932868,imU
902,0.7565145049216458,0.33854018002849245,0.48,0.5,0.5635948649786306,0.7422444149073996,0.7665145049216459,imU
903,0.7465314271569404,0.40012483647051655,0.48,0.5,0.4867498909803444,0.7798751635294834,0.7133749454901721,imU
904,0.6598931280227112,0.47970991891878745,0.48,0.5,0.5401526742532698,0.7000763371266349,0.7400458022759809,imU
905,0.657604179186738,0.47760417918673786,0.48,0.5,0.5328125375602137,0.7035937312198931,0.742395820813262,imU
906,0.6841108101572829,0.5101385126966037,0.48,0.5,0.6364432406291317,0.7964432406291317,0.8183601330111696,imU
907,0.6452274926040902,0.46522749260409013,0.48,0.5,0.4956824778122704,0.7221587610938648,0.7547725073959098,imU
908,0.6216781518228085,0.3977057161975488,0.48,0.5,0.5386299141670129,0.7373287392708766,0.7636643696354383,imU
909,0.6646936348421685,0.47016796728795174,0.48,0.5,0.493073100798795,0.7503359345759034,0.7774308010650601,imU
910,0.658790247836837,0.47300863311781033,0.48,0.5,0.4843362110392701,0.7372270183987835,0.7571091926404866,imU
911,0.8274626938040357,0.602059689913543,0.48,0.5,0.5877015019452464,0.7774626938040357,0.8039701550432286,imU
912,0.724809678681798,0.655861044125843,0.48,0.5,0.5378972691119098,0.7127069477937078,0.7527069477937078,imU
913,0.7837512369465127,0.5817433204888316,0.48,0.5,0.46199802088557973,0.6909990104427899,0.7167482682748822,imU
914,0.7173706748500296,0.5821120245500887,0.48,0.5,0.6420977504999014,0.8165733128749261,0.8352586502999408,imU
915,0.8462042717759771,0.5086128153279316,0.48,0.5,0.5748170871039088,0.7893064076639658,0.7679192229918973,imU
916,0.7400436180489799,0.419442553916927,0.48,0.5,0.5441202128264107,0.6976829795697481,0.7047212769584635,imU
917,0.8593139054083851,0.44444720269918125,0.48,0.5,0.5181194459462168,0.7394027702689159,0.7481194459462168,imU
918,0.7755380800174427,0.5472309599912787,0.48,0.5,0.5072309599912787,0.7467715198953436,0.7233857599476718,imU
919,0.7760526882172486,0.48342042961026543,0.48,0.5,0.4736838706965084,0.749736558913757,0.7036838706965084,imU
920,0.7200524415022335,0.5182151900468759,0.48,0.5,0.5236220614084818,0.7436745029107152,0.74,imU
921,0.7266647994007037,0.49797231346038,0.48,0.5,0.4815955830516538,0.6917396175476426,0.70898615673019,imU
922,0.7179118047743471,0.4323259837311956,0.48,0.5,0.5504582765696747,0.7237181138816308,0.7490661464192396,imU
923,0.8366662317277788,0.484443719546298,0.48,0.5,0.5355536708203747,0.7677761830018556,0.7333324634555576,imU
924,0.5864618688909112,0.5767372719927196,0.48,0.5,0.5757838884399953,0.735169495112729,0.765169495112729,imU
925,0.5979418888156512,0.5722716263758116,0.48,0.5,0.59,0.7316310808014228,0.7616310808014228,imU
926,0.6180734540644669,0.42866945670989876,0.48,0.5,0.5804816364838832,0.7871101810967005,0.8075918175805837,imU
927,0.5835819731872132,0.594464223256125,0.48,0.5,0.59,0.7303256339261103,0.7603256339261103,imU
928,0.6987276687539021,0.42916368916718695,0.48,0.5,0.46625446624921957,0.7516726216656261,0.7450178649968784,imU
929,0.6885125450115462,0.41634296593677833,0.48,0.5,0.5458266131379894,0.7846281362528866,0.810971102189665,imU
930,0.5007038523484184,0.5954733432414322,0.960242834134446,0.5,0.5538835129437609,0.7145873652921793,0.7445873652921793,imU
931,0.7361790074341468,0.48488717120975633,0.48,0.5,0.5330895037170733,0.8289883374634148,0.8471906699707319,imU
932,0.5817297028949637,0.389383762315971,0.48,0.5,0.18198891010762314,0.5603782173697827,0.44260514779165216,imU
933,0.7704154486913228,0.4621163256335704,0.48,0.5,0.5980498538429587,0.7719501461570413,0.7979667641046942,imU
934,0.7014986973790676,0.4098126628276165,0.48,0.5,0.5833957790574611,0.8239577905746115,0.8405620115171504,imU
935,0.6785707188628762,0.42732133985785953,0.48,0.5,0.532411290923913,0.7680359804264214,0.7624112909239131,imU
936,0.7137023268191056,0.33581567659966877,0.48,0.5,0.6170921617001656,0.8141419472395363,0.8295603795795694,imU
937,0.829841455726566,0.3845166283139211,0.48,0.5,0.6037084292151972,0.8379079689822504,0.8561330265113688,imU
938,0.6985921811932585,0.5176213534659176,0.48,0.5,0.6133252628692883,0.7771601509943821,0.8057281207955056,imU
939,0.6087783050000999,0.31048542363647263,0.48,0.5,0.6340250847726955,0.7602427118182363,0.77938915250005,imU
940,0.81,0.5284487316907778,0.48,0.5,0.57,0.8560385852169994,0.8675898535262218,imU
941,0.7904136881122065,0.539741444929871,0.48,0.5,0.5005688211542839,0.6605171101402582,0.680568821154284,imU
942,0.8666097107458852,0.5103417355246886,0.48,0.5,0.6167805785082295,0.7769514462705739,0.803561157016459,imU
943,0.6682653349054605,0.4329638179674372,0.48,0.5,0.5929638179674371,0.74,0.77,imU
944,0.5016095056988953,0.43471239544088375,0.48,0.5,0.4429867680861862,0.6609762357527617,0.6309181749248606,imU
945,0.4944847417982173,0.4585597210706931,0.48,0.5,0.6272013946465345,0.7212763739190103,0.7541569317776241,imU
946,0.5302701330749682,0.4117838935400254,0.48,0.5,0.282487254780178,0.5893246673125795,0.5048114144701399,imU
947,0.7487076750523513,0.4082170013240554,0.48,0.5,0.47384935275281337,0.5840566710801848,0.602764346132536,imU
948,0.7624393583804869,0.44415101732681705,0.48,0.5,0.5024393583804869,0.6363478092292517,0.6492723005658432,imU
949,0.6785459834815335,0.4726569357834358,0.48,0.5,0.5877197100968101,0.6714540165184665,0.7077197100968101,imU
950,0.6773222000380188,0.47124281478665275,0.6392313184452971,0.5,0.5183728444359958,0.6267456888719916,0.6567456888719916,imU
951,0.7197451965108259,0.53,0.48,0.5,0.6766647677599329,0.8617950178646205,0.8717950178646205,imU
952,0.6377617783805409,0.5663056292780178,0.48,0.5,0.6429482968488293,0.7925752599122527,0.8129482968488293,imU
953,0.7092319638966939,0.4792241985681835,0.48,0.5,0.6769200902582652,0.8184561624648774,0.8330721444132243,imU
954,0.655863494094892,0.40769734908028804,0.48,0.5,0.6012581922554681,0.625863494094892,0.6705756627299281,imU
955,0.6896339141705239,0.43138728218605354,0.48,0.5,0.6575915214573691,0.7092678283410477,0.7406551105271013,imU
956,0.6449488866101765,0.44964650809927315,0.48,0.5,0.6622231781840084,0.6142419028087227,0.6607069838014538,imU
957,0.6400149779357649,0.45000704844036,0.48,0.5,0.66999118944955,0.6100229074311698,0.66001938321099,imU
958,0.8311979683619541,0.4648852822589193,0.48,0.5,0.5784791873447817,0.8266355303962991,0.8423959367239083,imU
959,0.7607222345994163,0.5244797968545986,0.48,0.5,0.6282373591097807,0.8158383748367881,0.8313585779821897,imU
960,0.8374318836665455,0.4486771024669816,0.48,0.5,0.5809727534666181,0.8403501440664002,0.8548637673330911,imU
961,0.7882056894839152,0.38984346115642643,0.48,0.5,0.5968641643771916,0.7768641643771916,0.8023868036476597,imU
962,0.7590117056411627,0.4703348658984301,0.48,0.5,0.5264824415382559,0.7717587792308721,0.7509882943588373,imU
963,0.5058515751542725,0.5986774463183768,0.9411227208555593,0.5,0.5690580429452986,0.7111322553681623,0.7422645107363246,imU
964,0.6274431202418292,0.5081902813023487,0.7352947313861066,0.5,0.5294570843907046,0.6489141687814092,0.6789141687814092,imU
965,0.6137440147621305,0.5153722240054297,0.6214888960217188,0.5,0.54544188061622,0.7027209403081099,0.74,imU
966,0.5555935572934837,0.6027118269673907,0.6210150023043164,0.5,0.5818645190978279,0.7245763460652186,0.7545763460652186,imU
967,0.866448461831508,0.46065461450547596,0.48,0.5,0.5979213444688289,0.7943698063003369,0.733060577289385,imU
968,0.8352558331554611,0.4736930002134466,0.48,0.5,0.636334833795801,0.7568465001067233,0.7857953334756311,imU
969,0.7224974162998612,0.49299896651994446,0.48,0.5,0.5913715120048125,0.8083725454848681,0.7352507751100417,imU
970,0.8513204417988914,0.45509668650831403,0.48,0.5,0.6594364656088683,0.9030193373016628,0.8132044179889146,imU
971,0.63,0.4256442915849999,0.48,0.5,0.49003429615111094,0.7668642824527778,0.7974914259622223,imU
972,0.6844817867249535,0.47594888329690405,0.48,0.5,0.6468102233406192,0.7506460050327863,0.7838357816921672,imU
973,0.680543640796818,0.5194769326494034,0.48,0.5,0.5957743143027844,0.7010461347011933,0.7347281796015911,imU
974,0.6907492221530679,0.520565082113577,0.48,0.5,0.6373587294716058,0.7437714347555483,0.7784888936987597,imU
975,0.8362774510050376,0.5402953208656972,0.48,0.5,0.613825534776162,0.8013736185472865,0.8224519162288756,imU
976,0.8042197927688927,0.47190770987644975,0.48,0.5,0.5574857305995605,0.6872835440915639,0.7128615648146747,imU
977,0.8110597887322033,0.5084103169016949,0.48,0.5,0.5789742077457626,0.7126494718305084,0.7379144190135593,imU
978,0.8233233221628979,0.49001501675565295,0.48,0.5,0.6249624581108676,0.7433083054072451,0.7716391359479696,imU
979,0.7973332808574635,0.5033335957126828,0.48,0.5,0.47066687657014616,0.6636666404287318,0.68,imU
980,0.7337343046469083,0.4781077351115991,0.48,0.5,0.5506391258177825,0.7050125562824734,0.7306391258177826,imU
981,0.575748348194689,0.5064636602831596,0.48,0.5,0.36466245431852096,0.6279603566725378,0.5771789723716302,imU
982,0.6156030456898632,0.3754396954310137,0.48,0.5,0.27889461931134335,0.5584045685347948,0.48961065991452124,imU
983,0.6045953915742465,0.40306359438283096,0.48,0.5,0.30216774101972504,0.6514451606798167,0.6009972339982638,imU
984,0.6178733974352818,0.41481701631656864,0.48,0.5,0.1557467948705637,0.5269930798363541,0.40616222319249384,imU
985,0.8166709059673756,0.5011181766122927,0.48,0.5,0.6333545298368781,0.8461245355633561,0.6922236353224586,imU
986,0.8349502365079065,0.4056561021825585,0.48,0.5,0.5461629138888362,0.8399004730158128,0.8311131503967427,imU
987,0.765441371389341,0.3875889370016274,0.48,0.5,0.48494070866558175,0.7358234514442636,0.7091172572213181,imU
988,0.7352376779399451,0.6281073397415928,0.48,0.5,0.4961971529608788,0.5257130338198353,0.33618838969972537,pp
989,0.6658639023247944,0.6691622360484135,0.48,0.5,0.4508900406980023,0.5091099593019976,0.4712041465128084,pp
990,0.7178874819493538,0.6521584657047383,0.48,0.5,0.40525832129956924,0.54,0.38211251805064617,pp
991,0.7283800560893637,0.5248598317319086,0.48,0.5,0.46066980368722676,0.534190028044682,0.3803349018436134,pp
992,0.6889629162311588,0.6431112513065238,0.48,0.5,0.5213702068090555,0.45377749738695244,0.3803331230402143,pp
993,0.6613240956180604,0.7481282299354985,0.48,0.5,0.466072803643861,0.4923743540129003,0.3802738372232205,pp
994,0.630296382522938,0.6520746776605661,0.48,0.5,0.3895060291284367,0.439703617477062,0.35009879417431267,pp
995,0.7071388269576347,0.7266572629011477,0.48,0.5,0.4580737437740519,0.7614729034660179,0.7215011147625747,pp
996,0.7102119402370485,0.6678676613432749,0.48,0.5,0.5668079601580324,0.5165960199209838,0.38915223905180596,pp
997,0.7200247326602776,0.7475803811459021,0.48,0.5,0.592469084174653,0.5025185494952081,0.3349381683493061,pp
998,0.7383883125627799,0.49143261105530667,0.48,0.5,0.42089538190956666,0.5387464653266066,0.36268614572870006,pp
999,0.6565471886755849,0.6076463348846134,0.48,0.5,0.4683632028311037,0.48636797168896234,0.46908007077759406,pp
1000,0.6377366148851819,0.7478190841648638,0.48,0.5,0.42094645954072724,0.47,0.40576122652404545,pp
1001,0.7393514844386468,0.7438910933681188,0.48,0.5,0.3054603910705281,0.5306485155613532,0.5099480087990266,pp
1002,0.662448124974286,0.8208300004114261,0.48,0.5,0.36937749969143047,0.41979249989714346,0.3526556250771424,pp
1003,0.6725927248689509,0.8125927248689508,0.48,0.5,0.49851640209678644,0.5314835979032136,0.3155599206753781,pp
1004,0.71511260947805,0.6488835375783931,0.48,0.5,0.4948873905219501,0.6124485114404213,0.27511260947804994,pp
1005,0.675534780991683,0.6238369524792073,0.48,0.5,0.48232609504158536,0.4059760764459391,0.3440239235540609,pp
1006,0.6755196469723705,0.7259125864197804,0.48,0.5,0.43824458935918353,0.524550115226374,0.479353645502669,pp
1007,0.6657492530337578,0.6514447829208618,0.48,0.5,0.49299701213503105,0.38487761438184787,0.39168955415716616,pp
1008,0.6810630106131342,0.5116025807436699,0.48,0.5,0.4618643009849692,0.5353311827136084,0.38879806444224757,pp
1009,0.650214722701684,0.7014093370856722,0.48,0.5,0.37217450606629243,0.4922818674171344,0.33,pp
1010,0.7157790200697999,0.7966853010469991,0.48,0.5,0.2670825383946014,0.5457790200698,0.28597763874360105,pp
1011,0.6815586317512816,0.7831172635025633,0.48,0.5,0.25969652591367615,0.4410827899619647,0.35095168357863393,pp
1012,0.6570881800814622,0.7777204502036555,0.48,0.5,0.2774376173268928,0.42,0.2693677298778067,pp
1013,0.6992292721076775,0.6114130011359246,0.48,0.5,0.5591008174589571,0.5187154535127959,0.4269170884307101,pp
1014,0.6944965630055288,0.5837585924861782,0.48,0.5,0.4954496563005529,0.501744844508293,0.31534209491271603,pp
1015,0.682747632399715,0.7787855140042754,0.48,0.5,0.35801894080228025,0.5785615576074109,0.4720757632091211,pp
1016,0.7254739362532552,0.5547353718560115,0.48,0.5,0.4709478725065103,0.5893680849956597,0.45389414874240464,pp
1017,0.38344010761205005,0.4657756840921709,0.48,0.5,0.5035666218283125,0.3452023328234959,0.41172005380602505,pp
1018,0.5229692778844334,0.632435526361962,0.48,0.5,0.44542946754815277,0.4886073133812232,0.4814846389422167,pp
1019,0.3302494449066043,0.39964653638268643,0.48,0.5,0.5263825488564926,0.28663199376309695,0.37909563721412315,pp
1020,0.6712594577191002,0.6321616702870274,0.48,0.5,0.45693611714504556,0.48648501086108203,0.44387223429009115,pp
1021,0.6647248839461665,0.6243221706427406,0.48,0.5,0.4582416279820555,0.4629665119282221,0.43472488394616654,pp
1022,0.6630283402750569,0.6030283402750568,0.48,0.5,0.5065141701375284,0.4275161927307814,0.3486275312377556,pp
1023,0.6399217671594861,0.8378877133061249,0.48,0.5,0.3709387940861667,0.4519558210128473,0.3984353431897222,pp
1024,0.6374828325218626,0.6822424878279385,0.48,0.5,0.49,0.49048068938784817,0.19251716747813744,pp
1025,0.6597937931372726,0.7114857201268981,0.48,0.5,0.4428198783160427,0.4805639756632085,0.37225590265283415,pp
1026,0.6444985446995467,0.6497711018565735,0.48,0.5,0.4479941787981866,0.47,0.46323762994614653,pp
1027,0.63,0.8231678668808087,0.48,0.5,0.41366426623838265,0.3717809783488231,0.21277377706397108,pp
1028,0.6374274033559649,0.7174274033559649,0.48,0.5,0.5282017675590062,0.39504839776269013,0.39990320447461986,pp
1029,0.6616338131279637,0.6546408270260635,0.48,0.5,0.5525492803080545,0.3802288667950227,0.3623204135130318,pp
1030,0.6817831100243718,0.7462481770170603,0.48,0.5,0.5896433779951256,0.456961421026809,0.34857351198050257,pp
1031,0.5926569163780905,0.7468477407931586,0.48,0.5,0.4502898929808184,0.5190458779246591,0.42057978596163675,pp
1032,0.7346456802649063,0.515879212052953,0.48,0.5,0.4208923866225156,0.5310761337748439,0.3653543197350937,pp
1033,0.662770093846526,0.7625816809218116,0.48,0.5,0.3381218686148636,0.42267588738416884,0.32713569969111683,pp
1034,0.6318034409796809,0.8536059819811312,0.48,0.5,0.39180344097968095,0.47163949179970993,0.34131159343976797,pp
1035,0.74,0.5133480936393222,0.48,0.5,0.48555063545355925,0.6229810033369494,0.36220254181423706,pp
1036,0.7259577619994894,0.4754608703335319,0.48,0.5,0.49453912966646807,0.5543975133327659,0.4106385079996595,pp
1037,0.704444583515413,0.8096297223436086,0.48,0.5,0.43351826355507617,0.5579628470704892,0.27685201410131516,pp
1038,0.6388278864606581,0.6853115458426327,0.48,0.5,0.3591023973876965,0.43558605676967094,0.3279302838483546,pp
1039,0.6559287248815328,0.6132145414692214,0.48,0.5,0.4078923712084794,0.5660349214454137,0.21728581658768856,pp
1040,0.6946341895733369,0.6778051374400218,0.48,0.5,0.5326820189599236,0.6468308246401309,0.6139043412268266,pp
1041,0.6940991571003394,0.6745949426020369,0.48,0.5,0.5439177008928711,0.6275696556122211,0.5903629124149369,pp
1042,0.7,0.6503920796985896,0.48,0.5,0.46257708592957886,0.5589912328647793,0.5264141469352004,pp
1043,0.5938638053054283,0.6077276106108566,0.48,0.5,0.4378147243012527,0.42209816200835115,0.2895803675983298,pp
1044,0.6581060147720779,0.684141353029437,0.48,0.5,0.4401766912867964,0.4262120295441556,0.2784593973456705,pp
1045,0.65433441771862,0.7269967468441402,0.48,0.5,0.4688488791704073,0.36751771460764715,0.3187588573038236,pp
1046,0.7088655093627946,0.7588655093627945,0.48,0.5,0.5286733798810724,0.5069807870518278,0.3220768517926888,pp
1047,0.4769001637239872,0.4748108993102633,0.48,0.5,0.5003161852414079,0.3478487194482107,0.43936762951718433,pp
1048,0.7013687178196506,0.6127374356393013,0.48,0.5,0.45675179490867124,0.43187948727167813,0.4988866669063631,pp
1049,0.7371925723374503,0.5651469507146745,0.48,0.5,0.4709358092208499,0.6668986709081015,0.3018716184416998,pp
1050,0.6802542026782442,0.8260048030608506,0.48,0.5,0.44249399617393675,0.4635108068869138,0.3454963977043621,pp
1051,0.6613334385408363,0.6989329335448223,0.48,0.5,0.482933249167331,0.394133501665338,0.4397336279143415,pp
1052,0.6210462008914677,0.758029781279178,0.48,0.5,0.47209240178293543,0.511970218720822,0.5044291696900977,pp
1053,0.6633674321111377,0.7151334510940212,0.48,0.5,0.5589323912478306,0.3974332744529894,0.39,pp
1054,0.5242406831515998,0.6887283347302474,0.48,0.5,0.45268522632028585,0.4451234842135239,0.5061481810562287,pp
1055,0.5948115625622121,0.6881852242456422,0.48,0.5,0.40735224861831293,0.47951605979883793,0.3806049252514526,pp
1056,0.5343605974615974,0.6404696123981375,0.48,0.5,0.4833459103807604,0.5038532539211789,0.3456016713961214,pp
1057,0.44685705812843673,0.5110040162705084,0.48,0.5,0.4707020674453485,0.39551836976775895,0.3545143534972506,pp
1058,0.6600129023118789,0.7232989271683231,0.48,0.5,0.48000645115593943,0.38667526820791925,0.3599870976881212,pp
1059,0.5885202017250056,0.625560605175017,0.48,0.5,0.45495517650937994,0.3664349747843743,0.3285202017250056,pp
1060,0.6920117559016263,0.5664023511803252,0.48,0.5,0.4740039186338755,0.3523984325464498,0.31760156745355017,pp
1061,0.3400662579899232,0.41781458777217956,0.48,0.5,0.5033112473366923,0.3944370824455641,0.44662249467338455,pp
1062,0.6848883578930667,0.6687628150404571,0.48,0.5,0.4143814075202285,0.49926976541329526,0.27117680301443803,pp
1063,0.6859508593426668,0.6580982813146665,0.48,0.5,0.5733120307973345,0.44760687474133404,0.3816560153986673,pp
1064,0.5729374015410305,0.6229855542017763,0.48,0.5,0.5804735160365898,0.48450240763303726,0.4775361144955593,pp
1065,0.6512379315172176,0.7662862054483471,0.48,0.5,0.4814120708160009,0.4218568972758264,0.2678724155631313,pp
1066,0.47245056084204123,0.6289130141052044,0.48,0.5,0.4722431190527036,0.4776185864210713,0.5051680255790301,pp
1067,0.6447353898236692,0.6939042208824205,0.48,0.5,0.3745340907646112,0.5177077922353122,0.5322922077646879,pp
1068,0.44693357302855646,0.5950800719085669,0.48,0.5,0.5089931775314384,0.4857666067428609,0.5422197483200157,pp
1069,0.74,0.5091872684067168,0.48,0.5,0.48693757719776104,0.6178955502748761,0.3677503087910443,pp
1070,0.5144901108861045,0.5818235376561834,0.48,0.5,0.5063725627603057,0.5417842615108382,0.48913732635358975,pp
1071,0.74,0.5188539194902755,0.48,0.5,0.4837153601699082,0.62971034604367,0.3548614406796327,pp
1072,0.7190336801644618,0.6648536417268487,0.48,0.5,0.5251684008223089,0.42226944131569427,0.3154831599177691,pp
1073,0.71,0.6236174694430592,0.48,0.5,0.4493614460325376,0.42276656567272325,0.3468087347215296,pp
1074,0.623257699771859,0.7325769977185899,0.48,0.5,0.453257699771859,0.3369692009125641,0.32034035102663455,pp
1075,0.6558198295081725,0.6397105189070829,0.48,0.5,0.44,0.39,0.38305465530054483,pp
1076,0.600644703160298,0.6297687344405535,0.48,0.5,0.4032726093195316,0.41391731247982966,0.37912403128025546,pp
1077,0.6294080788659716,0.6966977735051375,0.48,0.5,0.47517131041236027,0.42,0.22813091608250222,pp
1078,0.74,0.6196476953130577,0.48,0.5,0.39469236255747786,0.5478299710647322,0.47542507233816955,pp
1079,0.47696930267329896,0.5075864870626985,0.48,0.5,0.5046305018481859,0.8468474907590704,0.7138167934323693,im
1080,0.4554028042772405,0.5559398766468945,0.48,0.5,0.47620841283172155,0.6188937746799916,0.6683567023103376,im
1081,0.580760661070974,0.47312630723358895,0.48,0.5,0.4974947710656442,0.8082763478740413,0.8087369276641104,im
1082,0.28385191834888135,0.49346297958722035,0.48,0.5,0.5765370204127797,0.8530740408255593,0.8630740408255593,im
1083,0.32097187016582135,0.505568469864328,0.48,0.5,0.5938386398794027,0.826647295203508,0.7852964451281347,im
1084,0.4468265763265317,0.4021711711389073,0.48,0.5,0.5783716216458195,0.7570563062014488,0.7859707206319951,im
1085,0.47367800664122467,0.5005759468702027,0.48,0.5,0.562068039847348,0.8052879734351013,0.8221269767557137,im
1086,0.13197267492911402,0.4317939704123769,0.48,0.5,0.4282060295876231,0.7188787684922645,0.6110756897229256,im
1087,0.5839852482723118,0.3933676446459112,0.48,0.5,0.6702058678754669,0.7066323553540889,0.7333676446459111,im
1088,0.4189145839609961,0.47,0.48,0.5,0.42397076683653984,0.7104287112317169,0.5409425122950982,im
1089,0.47968225861083347,0.5019626097223484,0.48,0.5,0.48050469277742436,0.5818318197214396,0.6337944294437882,im
1090,0.539967717867202,0.47466617773618514,0.48,0.5,0.5739662510757573,0.7753338222638149,0.7960337489242426,im
1091,0.48669290899142875,0.42293963645206334,0.48,0.5,0.5344094546780951,0.7911023636695238,0.8111023636695238,im
1092,0.715404781911942,0.3891904361761158,0.48,0.5,0.6613569627925211,0.756750210075392,0.7886430372074789,im
1093,0.5219171284461629,0.5036165743107675,0.48,0.5,0.44023964105577035,0.5191502770676977,0.5809585642230815,im
1094,0.6226027246104469,0.565864713745988,0.48,0.5,0.4930479565421649,0.78,0.7376113079829295,im
1095,0.5316016388354696,0.5109959029113261,0.48,0.5,0.4923819728098351,0.8238090135950825,0.8422073747596129,im
1096,0.4005190399713604,0.4711392000220304,0.48,0.5,0.5711392000220304,0.7838355199581422,0.7944051199691574,im
1097,0.426825999898154,0.49369545431398637,0.48,0.5,0.4496958183762515,0.7869563634511891,0.8069129089335108,im
1098,0.5443490821226055,0.5214778212570881,0.48,0.5,0.5773328518530012,0.6365798776163474,0.679507392914304,im
1099,0.4125873302245525,0.4978066638405024,0.48,0.5,0.4756133276810046,0.7517546689275981,0.44727865027491354,im
1100,0.4162947094827783,0.5272080103965443,0.48,0.5,0.3783250373103558,0.7679187406724111,0.7896446348620666,im
1101,0.5196779995789123,0.6160966001263264,0.48,0.5,0.49604293338947836,0.7719785333052608,0.7540644000842176,im
1102,0.4508933408019121,0.525446670400956,0.48,0.5,0.6172828523416279,0.816364761371292,0.836364761371292,im
1103,0.45170263233696584,0.5473061421195871,0.48,0.5,0.4651078970108976,0.5831254459240033,0.6375219361413822,im
1104,0.5691293397934626,0.4797097799311542,0.48,0.5,0.5940580440137692,0.8215936919036159,0.8356517359173851,im
1105,0.6479752968050699,0.4049547336376124,0.48,0.5,0.5525678995435814,0.8426584322683567,0.8250452663623876,im
1106,0.4789963444079057,0.4114781053101446,0.48,0.5,0.6343795597744403,0.7353832153665345,0.7534306603383396,im
1107,0.646678297543135,0.454846634481774,0.48,0.5,0.5224276788195626,0.8227344098560146,0.7733478719289189,im
1108,0.33407554698391845,0.4744532819035105,0.48,0.5,0.539662033646205,0.8881510939678369,0.8940755469839184,im
1109,0.4652420811439392,0.40365809947454545,0.48,0.5,0.6069515837712122,0.7424387329830303,0.7675612670169697,im
1110,0.667663074643451,0.39395186780620733,0.48,0.5,0.6999197796770121,0.6879037356124146,0.7299197796770122,im
1111,0.5468950014031365,0.463790002806273,0.48,0.5,0.5755889974743542,0.7713060039287822,0.7931690030869004,im
1112,0.6620150459991263,0.5234511005028395,0.48,0.5,0.5884887155006553,0.6700752299956316,0.6685639454962868,im
1113,0.45101734618659206,0.5226653408680022,0.48,0.5,0.5194506684395299,0.7316479946814102,0.7665106617912927,im
1114,0.4912442968893409,0.5770173741231805,0.48,0.5,0.5253110742223353,0.7570494032098137,0.7870494032098138,im
1115,0.31267510395678294,0.5002411085559939,0.48,0.5,0.6504822171119878,0.8765786605343854,0.882433995400789,im
1116,0.3727197882642455,0.5202092144818651,0.48,0.5,0.6153661253432638,0.7553661253432639,0.7456799470660614,im
1117,0.5188468397863921,0.40584365032947123,0.48,0.5,0.5366253986821151,0.7781888953874029,0.7832507973642302,im
1118,0.5813589743135095,0.49152680650614067,0.9706262625546209,0.5,0.5383053613012282,0.77,0.7994351204337428,im
1119,0.47594173869350187,0.5363284782244585,0.48,0.5,0.584508622836432,0.7147178981016548,0.7520609416527377,im
1120,0.7139606480310423,0.5385560177924629,0.48,0.5,0.6131291664558763,0.7072865743317067,0.7420787039379152,im
1121,0.4276962365987138,0.46,0.48,0.5,0.5016911290203858,0.7970772177449036,0.8213848118299357,im
1122,0.5775512049027631,0.5019309546004251,0.48,0.5,0.43789643190063765,0.7440345226997874,0.7780258920248406,im
1123,0.4812143734650449,0.42471199572016854,0.48,0.5,0.5317695965761349,0.7376543948642023,0.7441152017119326,im
1124,0.15445772219549309,0.42821770402437104,0.48,0.5,0.6258413093901991,0.7095055785366877,0.7453468879268869,im
1125,0.5860818051855406,0.5162627820602408,0.48,0.5,0.5527065409951816,0.6685051128240963,0.5327065409951816,im
1126,0.2968033624388464,0.4529915939028839,0.48,0.5,0.6674789847572098,0.65,0.69,im
1127,0.8298040333764655,0.37027435327294833,0.48,0.5,0.6100489916558837,0.709960806675293,0.7399706050064698,im
1128,0.5832752318757853,0.5186637615937892,0.48,0.5,0.5386637615937893,0.6806899072496859,0.554742198561479,im
1129,0.8139453042473555,0.37982940556284356,0.48,0.5,0.607051178331147,0.7116382342604739,0.7416382342604739,im
1130,0.5627309100024052,0.43929726748617,0.48,0.5,0.56,0.8440963650036079,0.8186345449987974,im
1131,0.5374799517324823,0.4491243425463515,0.48,0.5,0.6141911701047439,0.7066310253021908,0.7441377080580299,im
1132,0.5892453451207078,0.40960549637826765,0.48,0.5,0.5483876331488978,0.6416123668511021,0.6868096186619683,im
1133,0.5049460203771213,0.5645593775851665,0.48,0.5,0.6971403470194846,0.6198920407542425,0.6684082346411062,im
1134,0.3779609850121801,0.46925162562449246,0.48,0.5,0.505509753746955,0.6989804925060901,0.7282321181305825,im
1135,0.4829108440756029,0.47,0.48,0.5,0.5029108440756028,0.7725456493417336,0.7962728246708669,im
1136,0.7492871480798842,0.47837851427389516,0.48,0.5,0.5114006025877323,0.7065110441569186,0.74,im
1137,0.5050398360359636,0.4990079672071927,0.48,0.5,0.5486772896095903,0.6754960163964037,0.6909920327928073,im
1138,0.4016644438159422,0.46832221907971083,0.48,0.5,0.5258322219079711,0.7374966657239133,0.7674966657239133,im
1139,0.3074067037636458,0.51,0.48,0.5,0.5472309318622149,0.6382639221282456,0.6817144367291995,im
1140,0.31,0.46493610974345956,0.48,0.5,0.5290921280340362,0.810780091452883,0.8324680548717297,im
1141,0.6282008811655141,0.5143929506758875,0.48,0.5,0.5783057275758414,0.8517991188344859,0.8617991188344859,im
1142,0.4512464607398023,0.5034183183214256,0.48,0.5,0.4835788502704163,0.7719169026173466,0.7272521235561186,im
1143,0.23150647040506145,0.4723848930897588,0.48,0.5,0.5082007220333727,0.808368342112772,0.7959834490230132,im
1144,0.7347486157060289,0.45890129200770635,0.48,0.5,0.6735009228626474,0.7354003691450589,0.7654003691450589,im
1145,0.7216371486329803,0.5861503215244785,0.48,0.5,0.6269468675393647,0.6903982730074432,0.7267257027340391,im
1146,0.6320890390233221,0.5319936400697627,0.48,0.5,0.5959809202092881,0.6799364006976271,0.6859173209069152,im
1147,0.5068683582581072,0.49235758696227666,0.48,0.5,0.43811393043017866,0.8029626617365982,0.4565303982475182,im
1148,0.42675725627165056,0.4678019350057735,0.48,0.5,0.4267300793901554,0.7610718556156181,0.2790368519103626,im
1149,0.2350673395268602,0.5678034441459493,0.48,0.5,0.39238919237369607,0.7470712588612657,0.6095567694947844,im
1150,0.4418164771903458,0.4149671147630949,0.48,0.5,0.5433917959767203,0.628315063757275,0.5935014134330708,im
1151,0.5761708637353233,0.46397152271077946,0.48,0.5,0.44761708637353237,0.7941139091568823,0.7910790774343615,im
1152,0.2703521177274446,0.5001909228686716,0.48,0.5,0.24907511366654067,0.4905430405961162,0.44076369147468636,im
1153,0.49765359240900897,0.43804061067837824,0.48,0.5,0.5360135368927927,0.7867198889675676,0.8017997224189191,im
1154,0.2030782924407618,0.4950694242183981,0.48,0.5,0.4488655856743856,0.7257636664023794,0.34180502967835125,im
