,mcg,gvh,lip,chg,aac,alm1,alm2,class
0,0.49,0.29,0.48,0.5,0.56,0.24,0.35,cp
1,0.07,0.4,0.48,0.5,0.54,0.35,0.44,cp
2,0.56,0.4,0.48,0.5,0.49,0.37,0.46,cp
3,0.59,0.49,0.48,0.5,0.52,0.45,0.36,cp
4,0.23,0.32,0.48,0.5,0.55,0.25,0.35,cp
5,0.67,0.39,0.48,0.5,0.36,0.38,0.46,cp
6,0.29,0.28,0.48,0.5,0.44,0.23,0.34,cp
7,0.21,0.34,0.48,0.5,0.51,0.28,0.39,cp
8,0.2,0.44,0.48,0.5,0.46,0.51,0.57,cp
9,0.42,0.4,0.48,0.5,0.56,0.18,0.3,cp
10,0.42,0.24,0.48,0.5,0.57,0.27,0.37,cp
11,0.25,0.48,0.48,0.5,0.44,0.17,0.29,cp
12,0.39,0.32,0.48,0.5,0.46,0.24,0.35,cp
13,0.51,0.5,0.48,0.5,0.46,0.32,0.35,cp
14,0.22,0.43,0.48,0.5,0.48,0.16,0.28,cp
15,0.25,0.4,0.48,0.5,0.46,0.44,0.52,cp
16,0.34,0.45,0.48,0.5,0.38,0.24,0.35,cp
17,0.44,0.27,0.48,0.5,0.55,0.52,0.58,cp
18,0.23,0.4,0.48,0.5,0.39,0.28,0.38,cp
19,0.41,0.57,0.48,0.5,0.39,0.21,0.32,cp
20,0.4,0.45,0.48,0.5,0.38,0.22,0.0,cp
21,0.31,0.23,0.48,0.5,0.73,0.05,0.14,cp
22,0.51,0.54,0.48,0.5,0.41,0.34,0.43,cp
23,0.3,0.16,0.48,0.5,0.56,0.11,0.23,cp
24,0.36,0.39,0.48,0.5,0.48,0.22,0.23,cp
25,0.29,0.37,0.48,0.5,0.48,0.44,0.52,cp
26,0.25,0.4,0.48,0.5,0.47,0.33,0.42,cp
27,0.21,0.51,0.48,0.5,0.5,0.32,0.41,cp
28,0.43,0.37,0.48,0.5,0.53,0.35,0.44,cp
29,0.43,0.39,0.48,0.5,0.47,0.31,0.41,cp
30,0.53,0.38,0.48,0.5,0.44,0.26,0.36,cp
31,0.34,0.33,0.48,0.5,0.38,0.35,0.44,cp
32,0.56,0.51,0.48,0.5,0.34,0.37,0.46,cp
33,0.4,0.29,0.48,0.5,0.42,0.35,0.44,cp
34,0.24,0.35,0.48,0.5,0.31,0.19,0.31,cp
35,0.36,0.54,0.48,0.5,0.41,0.38,0.46,cp
36,0.29,0.52,0.48,0.5,0.42,0.29,0.39,cp
37,0.65,0.47,0.48,0.5,0.59,0.3,0.4,cp
38,0.32,0.42,0.48,0.5,0.35,0.28,0.38,cp
39,0.38,0.46,0.48,0.5,0.48,0.22,0.29,cp
40,0.33,0.45,0.48,0.5,0.52,0.32,0.41,cp
41,0.3,0.37,0.48,0.5,0.59,0.41,0.49,cp
42,0.4,0.5,0.48,0.5,0.45,0.39,0.47,cp
43,0.28,0.38,0.48,0.5,0.5,0.33,0.42,cp
44,0.61,0.45,0.48,0.5,0.48,0.35,0.41,cp
45,0.17,0.38,0.48,0.5,0.45,0.42,0.5,cp
46,0.44,0.35,0.48,0.5,0.55,0.55,0.61,cp
47,0.43,0.4,0.48,0.5,0.39,0.28,0.39,cp
48,0.42,0.35,0.48,0.5,0.58,0.15,0.27,cp
49,0.23,0.33,0.48,0.5,0.43,0.33,0.43,cp
50,0.37,0.52,0.48,0.5,0.42,0.42,0.36,cp
51,0.29,0.3,0.48,0.5,0.45,0.03,0.17,cp
52,0.22,0.36,0.48,0.5,0.35,0.39,0.47,cp
53,0.23,0.58,0.48,0.5,0.37,0.53,0.59,cp
54,0.47,0.47,0.48,0.5,0.22,0.16,0.26,cp
55,0.54,0.47,0.48,0.5,0.28,0.33,0.42,cp
56,0.51,0.37,0.48,0.5,0.35,0.36,0.45,cp
57,0.4,0.35,0.48,0.5,0.45,0.33,0.42,cp
58,0.44,0.34,0.48,0.5,0.3,0.33,0.43,cp
59,0.42,0.38,0.48,0.5,0.54,0.34,0.43,cp
60,0.44,0.56,0.48,0.5,0.5,0.46,0.54,cp
61,0.52,0.36,0.48,0.5,0.41,0.28,0.38,cp
62,0.36,0.41,0.48,0.5,0.48,0.47,0.54,cp
63,0.18,0.3,0.48,0.5,0.46,0.24,0.35,cp
64,0.47,0.29,0.48,0.5,0.51,0.33,0.43,cp
65,0.24,0.43,0.48,0.5,0.54,0.52,0.59,cp
66,0.25,0.37,0.48,0.5,0.41,0.33,0.42,cp
67,0.52,0.57,0.48,0.5,0.42,0.47,0.54,cp
68,0.25,0.37,0.48,0.5,0.43,0.26,0.36,cp
69,0.35,0.48,0.48,0.5,0.56,0.4,0.48,cp
70,0.26,0.26,0.48,0.5,0.34,0.25,0.35,cp
71,0.44,0.51,0.48,0.5,0.47,0.26,0.36,cp
72,0.37,0.5,0.48,0.5,0.42,0.36,0.45,cp
73,0.44,0.42,0.48,0.5,0.42,0.25,0.2,cp
74,0.24,0.43,0.48,0.5,0.37,0.28,0.38,cp
75,0.42,0.3,0.48,0.5,0.48,0.26,0.36,cp
76,0.48,0.42,0.48,0.5,0.45,0.25,0.35,cp
77,0.41,0.48,0.48,0.5,0.51,0.44,0.51,cp
78,0.44,0.28,0.48,0.5,0.43,0.27,0.37,cp
79,0.29,0.41,0.48,0.5,0.48,0.38,0.46,cp
80,0.34,0.28,0.48,0.5,0.41,0.35,0.44,cp
81,0.41,0.43,0.48,0.5,0.45,0.31,0.41,cp
82,0.29,0.47,0.48,0.5,0.41,0.23,0.34,cp
83,0.34,0.55,0.48,0.5,0.58,0.31,0.41,cp
84,0.36,0.56,0.48,0.5,0.43,0.45,0.53,cp
85,0.4,0.46,0.48,0.5,0.52,0.49,0.56,cp
86,0.5,0.49,0.48,0.5,0.49,0.46,0.53,cp
87,0.52,0.44,0.48,0.5,0.37,0.36,0.42,cp
88,0.5,0.51,0.48,0.5,0.27,0.23,0.34,cp
89,0.53,0.42,0.48,0.5,0.16,0.29,0.39,cp
90,0.34,0.46,0.48,0.5,0.52,0.35,0.44,cp
91,0.4,0.42,0.48,0.5,0.37,0.27,0.27,cp
92,0.41,0.43,0.48,0.5,0.5,0.24,0.25,cp
93,0.3,0.45,0.48,0.5,0.36,0.21,0.32,cp
94,0.31,0.47,0.48,0.5,0.29,0.28,0.39,cp
95,0.64,0.76,0.48,0.5,0.45,0.35,0.38,cp
96,0.35,0.37,0.48,0.5,0.3,0.34,0.43,cp
97,0.57,0.54,0.48,0.5,0.37,0.28,0.33,cp
98,0.65,0.55,0.48,0.5,0.34,0.37,0.28,cp
99,0.51,0.46,0.48,0.5,0.58,0.31,0.41,cp
100,0.38,0.4,0.48,0.5,0.63,0.25,0.35,cp
101,0.24,0.57,0.48,0.5,0.63,0.34,0.43,cp
102,0.38,0.26,0.48,0.5,0.54,0.16,0.28,cp
103,0.33,0.47,0.48,0.5,0.53,0.18,0.29,cp
104,0.24,0.34,0.48,0.5,0.38,0.3,0.4,cp
105,0.26,0.5,0.48,0.5,0.44,0.32,0.41,cp
106,0.44,0.49,0.48,0.5,0.39,0.38,0.4,cp
107,0.43,0.32,0.48,0.5,0.33,0.45,0.52,cp
108,0.49,0.43,0.48,0.5,0.49,0.3,0.4,cp
109,0.47,0.28,0.48,0.5,0.56,0.2,0.25,cp
110,0.32,0.33,0.48,0.5,0.6,0.06,0.2,cp
111,0.34,0.35,0.48,0.5,0.51,0.49,0.56,cp
112,0.35,0.34,0.48,0.5,0.46,0.3,0.27,cp
113,0.38,0.3,0.48,0.5,0.43,0.29,0.39,cp
114,0.38,0.44,0.48,0.5,0.43,0.2,0.31,cp
115,0.41,0.51,0.48,0.5,0.58,0.2,0.31,cp
116,0.34,0.42,0.48,0.5,0.41,0.34,0.43,cp
117,0.51,0.49,0.48,0.5,0.53,0.14,0.26,cp
118,0.25,0.51,0.48,0.5,0.37,0.42,0.5,cp
119,0.29,0.28,0.48,0.5,0.5,0.42,0.5,cp
120,0.25,0.26,0.48,0.5,0.39,0.32,0.42,cp
121,0.24,0.41,0.48,0.5,0.49,0.23,0.34,cp
122,0.17,0.39,0.48,0.5,0.53,0.3,0.39,cp
123,0.04,0.31,0.48,0.5,0.41,0.29,0.39,cp
124,0.61,0.36,0.48,0.5,0.49,0.35,0.44,cp
125,0.34,0.51,0.48,0.5,0.44,0.37,0.46,cp
126,0.28,0.33,0.48,0.5,0.45,0.22,0.33,cp
127,0.4,0.46,0.48,0.5,0.42,0.35,0.44,cp
128,0.23,0.34,0.48,0.5,0.43,0.26,0.37,cp
129,0.37,0.44,0.48,0.5,0.42,0.39,0.47,cp
130,0.0,0.38,0.48,0.5,0.42,0.48,0.55,cp
131,0.39,0.31,0.48,0.5,0.38,0.34,0.43,cp
132,0.3,0.44,0.48,0.5,0.49,0.22,0.33,cp
133,0.27,0.3,0.48,0.5,0.71,0.28,0.39,cp
134,0.17,0.52,0.48,0.5,0.49,0.37,0.46,cp
135,0.36,0.42,0.48,0.5,0.53,0.32,0.41,cp
136,0.3,0.37,0.48,0.5,0.43,0.18,0.3,cp
137,0.26,0.4,0.48,0.5,0.36,0.26,0.37,cp
138,0.4,0.41,0.48,0.5,0.55,0.22,0.33,cp
139,0.22,0.34,0.48,0.5,0.42,0.29,0.39,cp
140,0.44,0.35,0.48,0.5,0.44,0.52,0.59,cp
141,0.27,0.42,0.48,0.5,0.37,0.38,0.43,cp
142,0.16,0.43,0.48,0.5,0.54,0.27,0.37,cp
143,0.06,0.61,0.48,0.5,0.49,0.92,0.37,im
144,0.44,0.52,0.48,0.5,0.43,0.47,0.54,im
145,0.63,0.47,0.48,0.5,0.51,0.82,0.84,im
146,0.23,0.48,0.48,0.5,0.59,0.88,0.89,im
147,0.34,0.49,0.48,0.5,0.58,0.85,0.8,im
148,0.43,0.4,0.48,0.5,0.58,0.75,0.78,im
149,0.46,0.61,0.48,0.5,0.48,0.86,0.87,im
150,0.27,0.35,0.48,0.5,0.51,0.77,0.79,im
151,0.52,0.39,0.48,0.5,0.65,0.71,0.73,im
152,0.29,0.47,0.48,0.5,0.71,0.65,0.69,im
153,0.55,0.47,0.48,0.5,0.57,0.78,0.8,im
154,0.12,0.67,0.48,0.5,0.74,0.58,0.63,im
155,0.4,0.5,0.48,0.5,0.65,0.82,0.84,im
156,0.73,0.36,0.48,0.5,0.53,0.91,0.92,im
157,0.84,0.44,0.48,0.5,0.48,0.71,0.74,im
158,0.48,0.45,0.48,0.5,0.6,0.78,0.8,im
159,0.54,0.49,0.48,0.5,0.4,0.87,0.88,im
160,0.48,0.41,0.48,0.5,0.51,0.9,0.88,im
161,0.5,0.66,0.48,0.5,0.31,0.92,0.92,im
162,0.72,0.46,0.48,0.5,0.51,0.66,0.7,im
163,0.47,0.55,0.48,0.5,0.58,0.71,0.75,im
164,0.33,0.56,0.48,0.5,0.33,0.78,0.8,im
165,0.64,0.58,0.48,0.5,0.48,0.78,0.73,im
166,0.54,0.57,0.48,0.5,0.56,0.81,0.83,im
167,0.47,0.59,0.48,0.5,0.52,0.76,0.79,im
168,0.63,0.5,0.48,0.5,0.59,0.85,0.86,im
169,0.49,0.42,0.48,0.5,0.53,0.79,0.81,im
170,0.31,0.5,0.48,0.5,0.57,0.84,0.85,im
171,0.74,0.44,0.48,0.5,0.55,0.88,0.89,im
172,0.33,0.45,0.48,0.5,0.45,0.88,0.89,im
173,0.45,0.4,0.48,0.5,0.61,0.74,0.77,im
174,0.71,0.4,0.48,0.5,0.71,0.7,0.74,im
175,0.5,0.37,0.48,0.5,0.66,0.64,0.69,im
176,0.66,0.53,0.48,0.5,0.59,0.66,0.66,im
177,0.6,0.61,0.48,0.5,0.54,0.67,0.71,im
178,0.83,0.37,0.48,0.5,0.61,0.71,0.74,im
179,0.34,0.51,0.48,0.5,0.67,0.9,0.9,im
180,0.63,0.54,0.48,0.5,0.65,0.79,0.81,im
181,0.7,0.4,0.48,0.5,0.56,0.86,0.83,im
182,0.6,0.5,1.0,0.5,0.54,0.77,0.8,im
183,0.16,0.51,0.48,0.5,0.33,0.39,0.48,im
184,0.74,0.7,0.48,0.5,0.66,0.65,0.69,im
185,0.2,0.46,0.48,0.5,0.57,0.78,0.81,im
186,0.89,0.55,0.48,0.5,0.51,0.72,0.76,im
187,0.7,0.46,0.48,0.5,0.56,0.78,0.73,im
188,0.12,0.43,0.48,0.5,0.63,0.7,0.74,im
189,0.61,0.52,0.48,0.5,0.54,0.67,0.52,im
190,0.33,0.37,0.48,0.5,0.46,0.65,0.69,im
191,0.63,0.65,0.48,0.5,0.66,0.67,0.71,im
192,0.41,0.51,0.48,0.5,0.53,0.75,0.78,im
193,0.34,0.67,0.48,0.5,0.52,0.76,0.79,im
194,0.58,0.34,0.48,0.5,0.56,0.87,0.81,im
195,0.59,0.56,0.48,0.5,0.55,0.8,0.82,im
196,0.51,0.4,0.48,0.5,0.57,0.62,0.67,im
197,0.5,0.57,0.48,0.5,0.71,0.61,0.66,im
198,0.6,0.46,0.48,0.5,0.45,0.81,0.83,im
199,0.37,0.47,0.48,0.5,0.39,0.76,0.79,im
200,0.58,0.55,0.48,0.5,0.57,0.7,0.74,im
201,0.36,0.47,0.48,0.5,0.51,0.69,0.72,im
202,0.39,0.41,0.48,0.5,0.52,0.72,0.75,im
203,0.35,0.51,0.48,0.5,0.61,0.71,0.74,im
204,0.31,0.44,0.48,0.5,0.5,0.79,0.82,im
205,0.61,0.66,0.48,0.5,0.46,0.87,0.88,im
206,0.48,0.49,0.48,0.5,0.52,0.77,0.71,im
207,0.11,0.5,0.48,0.5,0.58,0.72,0.68,im
208,0.31,0.36,0.48,0.5,0.58,0.94,0.94,im
209,0.68,0.51,0.48,0.5,0.71,0.75,0.78,im
210,0.69,0.39,0.48,0.5,0.57,0.76,0.79,im
211,0.52,0.54,0.48,0.5,0.62,0.76,0.79,im
212,0.46,0.59,0.48,0.5,0.36,0.76,0.23,im
213,0.36,0.45,0.48,0.5,0.38,0.79,0.17,im
214,0.0,0.51,0.48,0.5,0.35,0.67,0.44,im
215,0.1,0.49,0.48,0.5,0.41,0.67,0.21,im
216,0.3,0.51,0.48,0.5,0.42,0.61,0.34,im
217,0.61,0.47,0.48,0.5,0.0,0.8,0.32,im
218,0.63,0.75,0.48,0.5,0.64,0.73,0.66,im
219,0.71,0.52,0.48,0.5,0.64,1.0,0.99,im
220,0.85,0.53,0.48,0.5,0.53,0.52,0.35,imS
221,0.63,0.49,0.48,0.5,0.54,0.76,0.79,imS
222,0.75,0.55,1.0,1.0,0.4,0.47,0.3,imL
223,0.7,0.39,1.0,0.5,0.51,0.82,0.84,imL
224,0.72,0.42,0.48,0.5,0.65,0.77,0.79,imU
225,0.79,0.41,0.48,0.5,0.66,0.81,0.83,imU
226,0.83,0.48,0.48,0.5,0.65,0.76,0.79,imU
227,0.69,0.43,0.48,0.5,0.59,0.74,0.77,imU
228,0.79,0.36,0.48,0.5,0.46,0.82,0.7,imU
229,0.78,0.33,0.48,0.5,0.57,0.77,0.79,imU
230,0.75,0.37,0.48,0.5,0.64,0.7,0.74,imU
231,0.59,0.29,0.48,0.5,0.64,0.75,0.77,imU
232,0.67,0.37,0.48,0.5,0.54,0.64,0.68,imU
233,0.66,0.48,0.48,0.5,0.54,0.7,0.74,imU
234,0.64,0.46,0.48,0.5,0.48,0.73,0.76,imU
235,0.76,0.71,0.48,0.5,0.5,0.71,0.75,imU
236,0.84,0.49,0.48,0.5,0.55,0.78,0.74,imU
237,0.77,0.55,0.48,0.5,0.51,0.78,0.74,imU
238,0.81,0.44,0.48,0.5,0.42,0.67,0.68,imU
239,0.58,0.6,0.48,0.5,0.59,0.73,0.76,imU
240,0.63,0.42,0.48,0.5,0.48,0.77,0.8,imU
241,0.62,0.42,0.48,0.5,0.58,0.79,0.81,imU
242,0.86,0.39,0.48,0.5,0.59,0.89,0.9,imU
243,0.81,0.53,0.48,0.5,0.57,0.87,0.88,imU
244,0.87,0.49,0.48,0.5,0.61,0.76,0.79,imU
245,0.47,0.46,0.48,0.5,0.62,0.74,0.77,imU
246,0.76,0.41,0.48,0.5,0.5,0.59,0.62,imU
247,0.7,0.53,0.48,0.5,0.7,0.86,0.87,imU
248,0.64,0.45,0.48,0.5,0.67,0.61,0.66,imU
249,0.81,0.52,0.48,0.5,0.57,0.78,0.8,imU
250,0.73,0.26,0.48,0.5,0.57,0.75,0.78,imU
251,0.49,0.61,1.0,0.5,0.56,0.71,0.74,imU
252,0.88,0.42,0.48,0.5,0.52,0.73,0.75,imU
253,0.84,0.54,0.48,0.5,0.75,0.92,0.7,imU
254,0.63,0.51,0.48,0.5,0.64,0.72,0.76,imU
255,0.86,0.55,0.48,0.5,0.63,0.81,0.83,imU
256,0.79,0.54,0.48,0.5,0.5,0.66,0.68,imU
257,0.57,0.38,0.48,0.5,0.06,0.49,0.33,imU
258,0.78,0.44,0.48,0.5,0.45,0.73,0.68,imU
259,0.78,0.68,0.48,0.5,0.83,0.4,0.29,om
260,0.63,0.69,0.48,0.5,0.65,0.41,0.28,om
261,0.67,0.88,0.48,0.5,0.73,0.5,0.25,om
262,0.61,0.75,0.48,0.5,0.51,0.33,0.33,om
263,0.67,0.84,0.48,0.5,0.74,0.54,0.37,om
264,0.74,0.9,0.48,0.5,0.57,0.53,0.29,om
265,0.73,0.84,0.48,0.5,0.86,0.58,0.29,om
266,0.75,0.76,0.48,0.5,0.83,0.57,0.3,om
267,0.77,0.57,0.48,0.5,0.88,0.53,0.2,om
268,0.74,0.78,0.48,0.5,0.75,0.54,0.15,om
269,0.68,0.76,0.48,0.5,0.84,0.45,0.27,om
270,0.56,0.68,0.48,0.5,0.77,0.36,0.45,om
271,0.65,0.51,0.48,0.5,0.66,0.54,0.33,om
272,0.52,0.81,0.48,0.5,0.72,0.38,0.38,om
273,0.64,0.57,0.48,0.5,0.7,0.33,0.26,om
274,0.6,0.76,1.0,0.5,0.77,0.59,0.52,om
275,0.69,0.59,0.48,0.5,0.77,0.39,0.21,om
276,0.63,0.49,0.48,0.5,0.79,0.45,0.28,om
277,0.71,0.71,0.48,0.5,0.68,0.43,0.36,om
278,0.68,0.63,0.48,0.5,0.73,0.4,0.3,om
279,0.77,0.57,1.0,0.5,0.37,0.54,0.01,omL
280,0.66,0.49,1.0,0.5,0.54,0.56,0.36,omL
281,0.71,0.46,1.0,0.5,0.52,0.59,0.3,omL
282,0.67,0.55,1.0,0.5,0.66,0.58,0.16,omL
283,0.68,0.49,1.0,0.5,0.62,0.55,0.28,omL
284,0.74,0.49,0.48,0.5,0.42,0.54,0.36,pp
285,0.7,0.61,0.48,0.5,0.56,0.52,0.43,pp
286,0.66,0.86,0.48,0.5,0.34,0.41,0.36,pp
287,0.73,0.78,0.48,0.5,0.58,0.51,0.31,pp
288,0.65,0.57,0.48,0.5,0.47,0.47,0.51,pp
289,0.72,0.86,0.48,0.5,0.17,0.55,0.21,pp
290,0.67,0.7,0.48,0.5,0.46,0.45,0.33,pp
291,0.67,0.81,0.48,0.5,0.54,0.49,0.23,pp
292,0.67,0.61,0.48,0.5,0.51,0.37,0.38,pp
293,0.63,1.0,0.48,0.5,0.35,0.51,0.49,pp
294,0.57,0.59,0.48,0.5,0.39,0.47,0.33,pp
295,0.71,0.71,0.48,0.5,0.4,0.54,0.39,pp
296,0.66,0.74,0.48,0.5,0.31,0.38,0.43,pp
297,0.67,0.81,0.48,0.5,0.25,0.42,0.25,pp
298,0.64,0.72,0.48,0.5,0.49,0.42,0.19,pp
299,0.68,0.82,0.48,0.5,0.38,0.65,0.56,pp
300,0.32,0.39,0.48,0.5,0.53,0.28,0.38,pp
301,0.7,0.64,0.48,0.5,0.47,0.51,0.47,pp
302,0.63,0.57,0.48,0.5,0.49,0.7,0.2,pp
303,0.74,0.82,0.48,0.5,0.49,0.49,0.41,pp
304,0.63,0.86,0.48,0.5,0.39,0.47,0.34,pp
305,0.63,0.83,0.48,0.5,0.4,0.39,0.19,pp
306,0.63,0.71,0.48,0.5,0.6,0.4,0.39,pp
307,0.71,0.86,0.48,0.5,0.4,0.54,0.32,pp
308,0.68,0.78,0.48,0.5,0.43,0.44,0.42,pp
309,0.64,0.84,0.48,0.5,0.37,0.45,0.4,pp
310,0.74,0.47,0.48,0.5,0.5,0.57,0.42,pp
311,0.75,0.84,0.48,0.5,0.35,0.52,0.33,pp
312,0.63,0.65,0.48,0.5,0.39,0.44,0.35,pp
313,0.69,0.67,0.48,0.5,0.3,0.39,0.24,pp
314,0.7,0.71,0.48,0.5,0.42,0.84,0.85,pp
315,0.69,0.8,0.48,0.5,0.46,0.57,0.26,pp
316,0.64,0.66,0.48,0.5,0.41,0.39,0.2,pp
317,0.63,0.8,0.48,0.5,0.46,0.31,0.29,pp
318,0.66,0.71,0.48,0.5,0.41,0.5,0.35,pp
319,0.69,0.59,0.48,0.5,0.46,0.44,0.52,pp
320,0.68,0.67,0.48,0.5,0.49,0.4,0.34,pp
321,0.64,0.78,0.48,0.5,0.5,0.36,0.38,pp
322,0.62,0.78,0.48,0.5,0.47,0.49,0.54,pp
323,0.76,0.73,0.48,0.5,0.44,0.39,0.39,pp
324,0.64,0.81,0.48,0.5,0.37,0.39,0.44,pp
325,0.29,0.39,0.48,0.5,0.52,0.4,0.48,pp
326,0.62,0.83,0.48,0.5,0.46,0.36,0.4,pp
327,0.56,0.54,0.48,0.5,0.43,0.37,0.3,pp
328,0.69,0.66,0.48,0.5,0.41,0.5,0.25,pp
329,0.69,0.65,0.48,0.5,0.63,0.48,0.41,pp
330,0.43,0.59,0.48,0.5,0.52,0.49,0.56,pp
331,0.74,0.56,0.48,0.5,0.47,0.68,0.3,pp
332,0.71,0.57,0.48,0.5,0.48,0.35,0.32,pp
333,0.61,0.6,0.48,0.5,0.44,0.39,0.38,pp
334,0.59,0.61,0.48,0.5,0.42,0.42,0.37,pp
335,0.74,0.74,0.48,0.5,0.31,0.53,0.52,pp
336,0.6873792820513178,0.39368964102565895,0.48,0.5,0.56,0.8610517264957235,0.827896547008553,im
337,0.8698949989405542,0.5057689976692193,0.48,0.5,0.49793699936433256,0.7159789997881109,0.7519579995762217,im
338,0.09218742350231168,0.49156251529953765,0.48,0.5,0.405312454101387,0.67,0.22796892594468313,im
339,0.35088492502051916,0.5064602999179232,0.48,0.5,0.6011507497948081,0.7082301499589616,0.7382301499589616,im
340,0.4797991431209572,0.5480401713758086,0.48,0.5,0.5878393144967657,0.7197991431209573,0.7578393144967658,im
341,0.6032159066634193,0.47542727466926454,0.48,0.5,0.016281824007793703,0.7981909084435785,0.31592954399805157,im
342,0.5612004503855104,0.5090396396915917,0.48,0.5,0.11711891907477516,0.7869867867694694,0.2907202702313062,im
343,0.5594338644844741,0.5661132271031052,0.48,0.5,0.5561132271031052,0.8061132271031052,0.8261132271031051,im
344,0.6218595290467831,0.46728650968226104,0.48,0.5,0.49371905809356625,0.817286509682261,0.837286509682261,im
345,0.3631495003660772,0.48541362417632633,0.48,0.5,0.3797242505491158,0.7634252498169615,0.7917126249084807,im
346,0.5721623336653205,0.5635675332669359,0.48,0.5,0.553567533266936,0.803567533266936,0.8235675332669359,im
347,0.45966541567811664,0.48628785883751435,0.48,0.5,0.46933083135623327,0.512140176453107,0.5765214862593595,im
348,0.31914607833683506,0.4445730391684175,0.48,0.5,0.47713480415791243,0.8311573525157576,0.8520112741789225,im
349,0.6370462112487382,0.5357722732507572,0.48,0.5,0.6584554534984858,0.7843630310010096,0.8057722732507572,im
350,0.4961537886527828,0.4237363623095153,0.48,0.5,0.5423075773055656,0.5903295471131059,0.6442856074980252,im
351,0.474781454942416,0.4914910128735954,0.48,0.5,0.5207455064367977,0.7685089871264046,0.715218545057584,im
352,0.3603933919019845,0.469213216196031,0.48,0.5,0.5101311306339948,0.6903933919019845,0.7203933919019845,im
353,0.5086122384648328,0.5422775523070335,0.48,0.5,0.6108897907718663,0.7486122384648328,0.7808897907718664,im
354,0.5039743136306835,0.37397431363068345,0.48,0.5,0.6580128431846584,0.6539100977073921,0.6979486272613669,im
355,0.63,0.7494477882876398,0.48,0.5,0.640110442342472,0.7296686729725839,0.6602761058561801,im
356,0.5963092285690966,0.59892768570729,0.48,0.5,0.545536157146355,0.675536157146355,0.715536157146355,im
357,0.3582742937539047,0.49638283905371444,0.48,0.5,0.37241144063085707,0.7658628531230477,0.7929314265615238,im
358,0.7101907884845086,0.6864503584020494,0.48,0.5,0.66,0.6554198566391802,0.6954198566391802,im
359,0.3831381104005784,0.42372377919884324,0.48,0.5,0.5177127034668595,0.7131381104005783,0.7431381104005783,im
360,0.7318550883092501,0.6962977674132954,0.48,0.5,0.66,0.6514808930346818,0.6914808930346817,im
361,0.3792460281436718,0.43150794371265633,0.48,0.5,0.5164153427145572,0.7092460281436718,0.7392460281436718,im
362,0.8457934529762564,0.45274559654776425,0.48,0.5,0.48347607178575386,0.7111586905952513,0.7423173811905026,im
363,0.2754758629649763,0.36232069167119657,0.48,0.5,0.5086310342587559,0.7727379314824881,0.7941068972237322,im
364,0.2850680749268977,0.38390316858551976,0.48,0.5,0.5062329812682755,0.7775340374634488,0.8013010561951732,im
365,0.6265449012426325,0.5233089802485266,0.48,0.5,0.5565449012426325,0.6666910197514735,0.5663257234793709,im
366,0.30745766598855906,0.4342797484742579,0.48,0.5,0.5006355835028602,0.7887288329942795,0.8180932494914193,im
367,0.3804277018230361,0.645121414262747,0.48,0.5,0.52,0.76,0.79,im
368,0.5422738318634771,0.5960146657621397,0.48,0.5,0.6937408338986626,0.6295109993216048,0.6762591661013374,im
369,0.4289275675163355,0.5045921235667613,0.48,0.5,0.5272960617833806,0.7554078764332387,0.7610724324836645,im
370,0.6108732758593436,0.46362442528644787,0.48,0.5,0.47174655171868723,0.8136244252864478,0.8336244252864479,im
371,0.4553376565349224,0.5990229805938938,0.48,0.5,0.52,0.76,0.79,im
372,0.4647221492516195,0.600555701496761,0.48,0.5,0.498888597006478,0.8127785074838051,0.832222805987044,im
373,0.47597971229691505,0.548804057540617,0.48,0.5,0.584783769837532,0.715979712296915,0.754783769837532,im
374,0.242648957444599,0.5042648957444599,0.48,0.5,0.4171324478722299,0.6272053127666203,0.30272182233898937,im
375,0.7304314019446759,0.4304314019446759,0.48,0.5,0.5523921495138311,0.8752157009723379,0.8756471029170139,im
376,0.48561277197569497,0.41561277197569496,0.48,0.5,0.52122554395139,0.8382595082673554,0.8407105961701353,im
377,0.2916773743963649,0.49541934359909123,0.48,0.5,0.5745806564009087,0.8491613128018175,0.8591613128018175,im
378,0.37518613210906826,0.4396277357818634,0.48,0.5,0.5150620440363561,0.7051861321090682,0.7351861321090682,im
379,0.73522732829382,0.40181862635055954,0.48,0.5,0.5404546565876399,0.8943180151185401,0.9043180151185402,im
380,0.511449179632829,0.38144917963282904,0.48,0.5,0.6542754101835855,0.6800721287149015,0.712898359265658,im
381,0.5887290436627952,0.560254191267441,0.48,0.5,0.550254191267441,0.800254191267441,0.8202541912674409,im
382,0.4475523998895313,0.5070530287608035,0.48,0.5,0.4451047997790626,0.48618371404899563,0.5540258855091296,im
383,0.389057124429398,0.411885751141204,0.48,0.5,0.5196857081431326,0.719057124429398,0.749057124429398,im
384,0.423641041126378,0.5390974575769293,0.48,0.5,0.3672717917747244,0.7709076876620866,0.20818462467582682,im
385,0.8742822009461837,0.5154208420816041,0.48,0.5,0.5005693205677102,0.7168564401892367,0.7537128803784735,im
386,0.29034282764658814,0.39577136220482323,0.48,0.5,0.504914293088353,0.7801714138232941,0.805257120734941,im
387,0.6553783236963047,0.5290756647392609,0.48,0.5,0.5853783236963046,0.6609243352607391,0.647059306349653,im
388,0.5950141554170225,0.5950424662510675,0.48,0.5,0.5474787668744663,0.6774787668744663,0.7174787668744662,im
389,0.8341038292303563,0.3987268046124941,0.48,0.5,0.5566502200053681,0.71,0.74,im
390,0.4553330683125829,0.5402220455417219,0.48,0.5,0.5677775569271524,0.7197779544582781,0.7573334658437085,im
391,0.2483038532393298,0.48457596330983244,0.48,0.5,0.5854240366901675,0.8708480733803351,0.8808480733803351,im
392,0.44538859368801553,0.5107624108205449,0.48,0.5,0.440777187376031,0.4815469864743189,0.5500073882777431,im
393,0.4357950290582754,0.4,0.48,0.5,0.588692543587413,0.7471024854708623,0.7771024854708624,im
394,0.5083877871274599,0.3951633613823799,0.48,0.5,0.5845099158528604,0.6232244257450801,0.6732244257450801,im
395,0.30437581218740584,0.49859395304685145,0.48,0.5,0.5714060469531484,0.8428120939062971,0.8528120939062971,im
396,0.5019187962043559,0.3757563886130675,0.48,0.5,0.6427308341607976,0.6361624075912884,0.6861624075912883,im
397,0.5149894365234364,0.6283298121744788,0.48,0.5,0.4726680751302085,0.8636659624348958,0.8736659624348958,im
398,0.48871460590187715,0.41871460590187715,0.48,0.5,0.5274292118037543,0.8041393350793511,0.8189977586868598,im
399,0.8498163961550442,0.4615960715410974,0.48,0.5,0.48588983769302657,0.7119632792310088,0.7439265584620177,im
400,0.6488057964668379,0.5449256047108829,0.48,0.5,0.5806714970556982,0.6618657005888604,0.6693285029443018,im
401,0.12148820030200444,0.49214882003020044,0.48,0.5,0.4110744100151002,0.6635535399093987,0.22396733019630288,im
402,0.7302559240912215,0.48681895709190887,1.0,0.8025592409122151,0.4434369669993127,0.6082085313614494,0.5132360198148076,imL
403,0.7146744087359018,0.4369581079548861,1.0,0.6467440873590191,0.4777163007810158,0.7172791388486867,0.6815163856522594,imL
404,0.7492960088642457,0.5477472283655865,1.0,0.9929600886424578,0.40154878049865933,0.47492793795027954,0.3076031042661456,imL
405,0.7400578797955597,0.5181852153457912,1.0,0.9005787979555975,0.42187266444976856,0.5395948414310818,0.4073748982079548,imL
406,0.7144329023625675,0.436185287560216,1.0,0.644329023625675,0.4782476148023515,0.7189696834620274,0.684124654484271,imL
407,0.7395087770265603,0.5164280864849929,1.0,0.8950877702656028,0.4230806905415674,0.5434385608140779,0.4133052081131489,imL
408,0.7197020012609494,0.4530464040350382,1.0,0.6970200126094943,0.46665559722591127,0.6820859911733539,0.6272183863817462,imL
409,0.7036849560743326,0.4017918594378642,1.0,0.5368495607433255,0.5018930966364684,0.7942053074796721,0.8002024743972085,imL
410,0.7174461487249028,0.4458276759196889,1.0,0.6744614872490278,0.4716184728052139,0.6978769589256806,0.6515815937710501,imL
411,0.745747983777189,0.536393548087005,1.0,0.9574798377718904,0.40935443569018415,0.4997641135596767,0.3459217752063583,imL
412,0.70749807111051,0.4139938275536321,1.0,0.5749807111051004,0.49350424355687794,0.7675135022264297,0.7590208320064916,imL
413,0.7275274662930898,0.4780878921378875,1.0,0.7752746629308983,0.4494395741552024,0.6273077359483712,0.5427033640346298,imL
414,0.7452294941754795,0.5347343813615343,1.0,0.9522949417547943,0.41049511281394524,0.5033935407716439,0.3515214629048221,imL
415,0.7314590873900867,0.49066907964827744,1.0,0.8145908739008668,0.4407900077418093,0.5997863882693932,0.5002418561870638,imL
416,0.7334420626331803,0.4970146004261772,1.0,0.8344206263318037,0.43642746220700324,0.5859055615677374,0.47882572356165204,imL
417,0.7167038821691252,0.4434524229412006,1.0,0.6670388216912517,0.47325145922792466,0.7030728248161238,0.6595980725734483,imL
418,0.7295648893853863,0.48460764603323636,1.0,0.7956488938538635,0.44495724335215003,0.6130457743022955,0.5206991946378273,imL
419,0.7137360896495032,0.4339554868784103,1.0,0.6373608964950321,0.47978060277109297,0.7238473724534775,0.6916502317853653,imL
420,0.728062171292385,0.47979894813563223,1.0,0.7806217129238506,0.4482632231567529,0.6235648009533046,0.5369285500422414,imL
421,0.7308536562623105,0.48873170003939365,1.0,0.8085365626231051,0.4421219562229169,0.6040244061638265,0.5067805123670466,imL
422,0.7485856047694552,0.5454739352622566,1.0,0.9858560476945519,0.4031116695071986,0.47990076661381365,0.31527546848988386,imL
423,0.7075543087866958,0.4141737881174266,1.0,0.5755430878669581,0.49338052066926924,0.7671198384931293,0.7584134651036853,imL
424,0.7360864760582436,0.5054767233863797,1.0,0.8608647605824367,0.43060975267186397,0.5673946675922943,0.4502660585709684,imL
425,0.7117992459874477,0.4277575871598329,1.0,0.6179924598744779,0.48404165882761485,0.7374052780878655,0.7125681433355638,imL
426,0.7128034161380662,0.4309709316418119,1.0,0.6280341613806619,0.4818324844962544,0.7303760870335365,0.7017231057088851,imL
427,0.7020216794769215,0.39646937432614904,1.0,0.5202167947692157,0.5055523051507725,0.805848243661549,0.8181658616492471,imL
428,0.7355331444842894,0.503706062349726,1.0,0.8553314448428937,0.4318270821345634,0.5712679886099744,0.45624203956967474,imL
429,0.7055445410405915,0.407742531329893,1.0,0.5554454104059157,0.49780200971069855,0.781188212715859,0.780118956761611,imL
430,0.7219668250932885,0.46029384029852327,1.0,0.7196682509328851,0.4616729847947653,0.6662322243469805,0.6027582889924841,imL
431,0.7100859601167697,0.4222750723736634,1.0,0.6008596011676981,0.48781088774310644,0.7493982791826113,0.731071630738886,imL
432,0.705211820216324,0.4066778246922369,1.0,0.5521182021632403,0.49853399552408717,0.7835172584857317,0.7837123416637004,imL
433,0.7262314888408944,0.4739407642908622,1.0,0.7623148884089441,0.45229072455003233,0.6363795781137391,0.5566999205183403,imL
434,0.7281637785988192,0.48012409151622143,1.0,0.7816377859881918,0.4480396870825978,0.6228535498082657,0.5358311911327528,imL
435,0.7347758043213064,0.5012825738281804,1.0,0.8477580432130638,0.433493230493126,0.5765693697508554,0.4644213133298911,imL
436,0.7069665727202937,0.4122930327049401,1.0,0.5696657272029378,0.4946735400153537,0.7712339909579434,0.7647610146208271,imL
437,0.7197791310361091,0.4532932193155493,1.0,0.6977913103610913,0.4664859117205599,0.6815460827472359,0.6263853848100214,imL
438,0.7269920545650836,0.4763745746082677,1.0,0.7699205456508366,0.450617479956816,0.6310556180444143,0.5484858106970965,imL
439,0.7398469387632616,0.517510204042437,1.0,0.8984693876326153,0.42233673472082467,0.5410714286571693,0.4096530613567755,imL
440,0.7028573214721009,0.39914342871072306,1.0,0.5285732147210095,0.5037138927613779,0.7999987496952934,0.8091409281013098,imL
441,0.7200567266755732,0.45418152536183426,1.0,0.700567266755732,0.46587520131373894,0.6796029132709875,0.6233873519038095,imL
442,0.7152607533480148,0.43883441071364726,1.0,0.6526075334801478,0.4764263426343675,0.7131747265638966,0.6751838638414405,imL
443,0.7059766080492371,0.40912514575755876,1.0,0.5597660804923712,0.49685146229167837,0.7781637436553401,0.7754526330682392,imL
444,0.7312177024066896,0.48989664770140695,1.0,0.8121770240668966,0.44132105470528277,0.6014760831531724,0.5028488140077516,imL
445,0.7147816842918857,0.43730138973403426,1.0,0.647816842918857,0.47748029455785146,0.7165282099568,0.6803578096476344,imL
446,0.7052747129915135,0.4068790815728433,1.0,0.5527471299151353,0.49839563141867027,0.7830770090594052,0.7830330996916538,imL
447,0.7228267285241455,0.46304553127726567,1.0,0.7282672852414551,0.4597811972468799,0.6602129003309813,0.5934713319392284,imL
448,0.7109220218608416,0.4249504699546934,1.0,0.6092202186084168,0.4859715519061483,0.7435458469741082,0.7220421639029098,imL
449,0.7291745026064816,0.48335840834074145,1.0,0.7917450260648169,0.4458160942657403,0.6157784817546281,0.5249153718499977,imL
450,0.7441640129459434,0.531324841427019,1.0,0.9416401294594341,0.4128391715189245,0.5108519093783961,0.3630286601838111,imL
451,0.7162172510502637,0.44189520336084387,1.0,0.662172510502637,0.4743220476894199,0.7064792426481541,0.664853688657152,imL
452,0.7438956022649663,0.5304659272478923,1.0,0.9389560226496634,0.41342967501707406,0.5127307841452357,0.3659274955383636,imL
453,0.7178148919038487,0.447007654092316,1.0,0.6781489190384875,0.4708072378115328,0.6952957566730588,0.6475991674384335,imL
454,0.7046585779227122,0.40490744935267936,1.0,0.5465857792271229,0.49975112857003295,0.7873899545410139,0.7896873584347073,imL
455,0.7136066124692317,0.4335411599015417,1.0,0.6360661246923176,0.4800654525676901,0.7247537127153776,0.6930485853322969,imL
456,0.7176154939729319,0.44636958071338206,1.0,0.6761549397293188,0.4712459132595499,0.6966915421894768,0.6497526650923356,imL
457,0.7000260188497658,0.39008326031925056,1.0,0.5002601884976579,0.5099427585305153,0.8198178680516394,0.8397189964225295,imL
458,0.7176284428167085,0.4464110170134671,1.0,0.6762844281670846,0.47121742580324144,0.6966009002830408,0.6496128175795487,imL
459,0.7347609370920986,0.5012349986947154,1.0,0.8476093709209855,0.4335259383973832,0.5766734403553101,0.4645818794053357,imL
460,0.741767207342853,0.5236550634971293,1.0,0.9176720734285291,0.4181121438457236,0.5276295486000295,0.38891416069718854,imL
461,0.7232955290312278,0.4645456928999293,1.0,0.732955290312279,0.4587498361312986,0.6569312967814047,0.5884082864627387,imL
462,0.7257585014320508,0.4724272045825627,1.0,0.7575850143205084,0.45333129684948814,0.6396904899756441,0.561808184533851,imL
463,0.7153781983554864,0.43921023473755677,1.0,0.6537819835548648,0.47616796361792973,0.7123526115115946,0.673915457760746,imL
464,0.7365293833100739,0.5068940265922366,1.0,0.8652938331007393,0.42963535671783737,0.5642943168294825,0.4454826602512016,imL
465,0.7377937238876113,0.5109399164403562,1.0,0.8779372388761129,0.4268538074472552,0.5554439327867209,0.431827782013798,imL
466,0.7415854478913535,0.5230734332523311,1.0,0.9158544789135348,0.4185120146390224,0.5289018647605257,0.39087716277338247,imL
467,0.7109382109786535,0.42500227513169125,1.0,0.6093821097865351,0.48593593584696226,0.7434325231494254,0.721867321430542,imL
468,0.7279051001008671,0.47929632032277464,1.0,0.7790510010086706,0.4486087797780925,0.6246642992939305,0.5386249189106358,imL
469,0.729808191447098,0.4853862126307135,1.0,0.7980819144709796,0.4444219788163845,0.6113426598703142,0.5180715323713421,imL
470,0.703244612355449,0.40038275953743707,1.0,0.5324461235544908,0.502861852818012,0.7972877135118565,0.8049581865611499,imL
471,0.7126957706967172,0.4306264662294952,1.0,0.6269577069671723,0.48206930446722207,0.7311296051229793,0.7028856764754539,imL
472,0.71234380314193,0.42950017005417623,1.0,0.6234380314193007,0.4828436330877539,0.7335933780064895,0.7066869260671553,imL
473,0.7348152136419894,0.5014086836543662,1.0,0.8481521364198942,0.4334065299876233,0.5762935045060741,0.46399569266651425,imL
474,0.7143864705037779,0.4360367056120893,1.0,0.643864705037779,0.4783497648916886,0.7192947064735546,0.6846261185591986,imL
475,0.7074043464976699,0.413693908792544,1.0,0.5740434649766999,0.493710437705126,0.76816957451631,0.7600330578251641,imL
476,0.7001129757475528,0.3903615223921693,1.0,0.5011297574755291,0.5097514533553836,0.8192091697671295,0.8387798619264286,imL
477,0.7133390507137642,0.4326849622840456,1.0,0.6333905071376424,0.4806540884297187,0.7266266450036503,0.6959382522913461,imL
478,0.7488307477916326,0.5462583929332245,1.0,0.9883074779163264,0.4025723548584082,0.47818476545857147,0.3126279238503674,imL
479,0.7205518506659115,0.45576592213091704,1.0,0.7055185066591156,0.46478592853499456,0.6761370453386191,0.6180400128081551,imL
480,0.7483474633549726,0.5447118827359123,1.0,0.9834746335497258,0.40363558061906035,0.4815677565151919,0.3178473957662961,imL
481,0.7172535624013341,0.4452113996842693,1.0,0.6725356240133415,0.4720421627170649,0.6992250631906609,0.6536615260655911,imL
482,0.7182824327649318,0.4485037848477818,1.0,0.6828243276493181,0.46977864791715,0.6920229706454772,0.6425497261387365,imL
483,0.7340352725777384,0.49891287224876274,1.0,0.8403527257773834,0.43512240032897564,0.5817530919558316,0.47241905616042584,imL
484,0.7234532708341431,0.4650504666692582,1.0,0.7345327083414318,0.458402804164885,0.6558271041609978,0.5867046749912537,imL
485,0.7223891582286546,0.4616453063316947,1.0,0.7238915822865458,0.46074385189695993,0.6632758923994179,0.5981970911305304,imL
486,0.7223553455464335,0.46153710574858753,1.0,0.723553455464336,0.4608182397978461,0.6635125811749647,0.5985622680985171,imL
487,0.7203651638060303,0.45516852417929704,1.0,0.7036516380603033,0.4651966396267333,0.6774438533577877,0.6200562308948725,imL
488,0.7040426663166357,0.40293653221323444,1.0,0.5404266631663577,0.5011061341034013,0.7917013357835496,0.7963392037803337,imL
489,0.7315172771969297,0.49085528703017534,1.0,0.8151727719692978,0.4406619901667545,0.5993790596214915,0.4996134062731584,imL
490,0.7121079969138713,0.4287455901243882,1.0,0.621079969138713,0.48336240678948317,0.7352440216029009,0.70923363333019,imL
491,0.7401569878189947,0.5185023610207834,1.0,0.9015698781899479,0.4216546267982115,0.5389010852670364,0.4063045315548562,imL
492,0.7235150317223019,0.4652481015113662,1.0,0.7351503172230192,0.4582669302109358,0.6553947779438865,0.5860376573991393,imL
493,0.7491711570447421,0.5473477025431749,1.0,0.9917115704474215,0.4018234545015673,0.47580190068680495,0.3089515039167847,imL
494,0.7199412221222277,0.4538119107911285,1.0,0.6994122212222765,0.4661293113310992,0.6804114451444063,0.6246348010799413,imL
495,0.7408215936609692,0.5206290997151015,1.0,0.908215936609692,0.4201924939458678,0.5342488443732156,0.3991267884615326,imL
496,0.7399172562492276,0.5177352199975283,1.0,0.8991725624922755,0.42218203625169937,0.5405792062554071,0.4088936325083423,imL
497,0.7075358771982715,0.41411480703446873,1.0,0.5753587719827147,0.49342107016380277,0.7672488596120997,0.758612526258668,imL
498,0.7254099388370359,0.47131180427851505,1.0,0.7540993883703593,0.45409813455852094,0.6421304281407484,0.5655726605600119,imL
499,0.7347906403395441,0.5013300490865411,1.0,0.8479064033954409,0.433460591253003,0.5764655176231913,0.46426108433292373,imL
500,0.742917940240686,0.5273374087701952,1.0,0.9291794024068599,0.41558053147049084,0.519574418315198,0.3764862454005912,imL
501,0.7337020547399058,0.4978465751676985,1.0,0.8370205473990576,0.4358554795722073,0.5840856168206596,0.4760178088090178,imL
502,0.7389879476217226,0.5147614323895123,1.0,0.8898794762172259,0.42422651523221033,0.5470843666479419,0.4189301656853961,imL
503,0.7355574766219009,0.5037839251900829,1.0,0.855574766219009,0.43177355143181806,0.5710976636466938,0.4559792524834703,imL
504,0.7404750523069857,0.5195201673823545,1.0,0.9047505230698577,0.42095488492463135,0.5366746338510996,0.40286943508455364,imL
505,0.7174332993645864,0.4457865579666767,1.0,0.6743329936458646,0.4716467413979098,0.6979669044478947,0.651720366862466,imL
506,0.704808827554571,0.4053882481746273,1.0,0.5480882755457104,0.4994205793799437,0.7863382071180027,0.7880646624106328,imL
507,0.7470261632244802,0.5404837223183367,1.0,0.970261632244802,0.40654244090614355,0.49081685742863856,0.3321174371756138,imL
508,0.7198786010543761,0.45361152337400357,1.0,0.6987860105437611,0.46626707768037257,0.6808497926193672,0.6253111086127379,imL
509,0.725887567526374,0.47284021608439686,1.0,0.75887567526374,0.4530473514419772,0.638787027315382,0.5604142707151607,imL
510,0.7418855052953663,0.5240336169451725,1.0,0.918855052953664,0.41785188835019393,0.5268014629324351,0.38763654281004284,imL
511,0.716215494148036,0.44188958127371514,1.0,0.6621549414803596,0.4743259128743209,0.7064915409637482,0.6648726632012116,imL
512,0.7367608059620386,0.5076345790785236,1.0,0.8676080596203861,0.4291262268835151,0.5626743582657296,0.442983295609983,imL
513,0.7395464189631143,0.5165485406819659,1.0,0.8954641896311432,0.42299787828114854,0.5431750672581998,0.4128986751983654,imL
514,0.7270723986913783,0.47663167581241056,1.0,0.770723986913783,0.45044072287896775,0.6304932091603519,0.5476180941331144,imL
515,0.7347892199672541,0.5013255038952131,1.0,0.847892199672541,0.433463716072041,0.5764754602292212,0.46427642435365557,imL
516,0.738572498910135,0.5134319965124321,1.0,0.8857249891013501,0.42514050239770296,0.5499925076290548,0.4234170117705418,imL
517,0.7087477463547968,0.4179927883353498,1.0,0.587477463547968,0.490754958019447,0.7587657755164223,0.7455243393681944,imL
518,0.7008915828335281,0.39285306506729034,1.0,0.5089158283352821,0.5080385177662379,0.8137589201653024,0.8303709053978952,imL
519,0.7258317945635507,0.4726617426033623,1.0,0.7583179456355071,0.45317005196018845,0.6391774380551449,0.5610166187136523,imL
520,0.7130414587415204,0.43173266797286547,1.0,0.6304145874152045,0.481308790768655,0.7287097888093568,0.6991522455915791,imL
521,0.7001873150121037,0.3905994080387321,1.0,0.5018731501210378,0.5095879069733716,0.8186887949152735,0.8379769978692793,imL
522,0.7482709675644397,0.544467096206207,1.0,0.9827096756443968,0.4038038713582327,0.4821032270489222,0.3186735503040514,imL
523,0.7220853273196451,0.4606730474228644,1.0,0.7208532731964512,0.46141227989678074,0.6654027087624841,0.6014784649478326,imL
524,0.744131817159467,0.5312218149102944,1.0,0.9413181715946699,0.4129100022491726,0.5110772798837311,0.3633763746777565,imL
525,0.740564644582931,0.5198068626653793,1.0,0.9056464458293103,0.42075778191755175,0.5360474879194828,0.40190183850434485,imL
526,0.7360564323703909,0.505380583585251,1.0,0.8605643237039091,0.43067584878514004,0.5676049734072637,0.4505905303997782,imL
527,0.7350178914986385,0.5020572527956434,1.0,0.8501789149863856,0.43296063870299517,0.57487475950953,0.4618067718147034,imL
528,0.7423330571119153,0.525465782758129,1.0,0.923330571119153,0.41686727435378634,0.5236686002165929,0.3828029831913147,imL
529,0.7071837854060954,0.41298811329950524,1.0,0.5718378540609538,0.4941956721065902,0.7697135021573323,0.76241511761417,imL
530,0.7202254063561094,0.45472130033955044,1.0,0.702254063561095,0.4655041060165591,0.6784221555072334,0.6215656113540173,imL
531,0.744388504938048,0.5320432158017536,1.0,0.9438850493804799,0.4123452891362944,0.509280465433664,0.36060414666908164,imL
532,0.7425464224383757,0.5261485518028021,1.0,0.9254642243837563,0.41639787063557365,0.5221750429313705,0.3804986376655431,imL
533,0.7032182502889526,0.4002984009246484,1.0,0.5321825028895262,0.5029198493643042,0.7974722479773315,0.8052428968793117,imL
534,0.7107329674443028,0.42434549582176906,1.0,0.6073296744430282,0.4863874716225338,0.7448692278898802,0.7240839516015296,imL
535,0.7165505872642886,0.44296187924572344,1.0,0.6655058726428857,0.4735887080185652,0.70414588914998,0.6612536575456835,imL
536,0.7209656689281773,0.4570901405701673,1.0,0.7096566892817726,0.46387552835801005,0.673240317502759,0.6135707755756855,imL
537,0.7313858616719129,0.49043475735012115,1.0,0.8138586167191284,0.44095110432179174,0.60029896829661,0.5010326939433413,imL
538,0.702993327877111,0.39957864920675545,1.0,0.5299332787711108,0.5034146786703556,0.7990467048602223,0.8076720589272004,imL
539,0.7013168081622341,0.39421378611914926,1.0,0.5131680816223414,0.5071030220430849,0.810782342864361,0.8257784718478713,imL
540,0.7358039512631267,0.5045726440420055,1.0,0.8580395126312672,0.43123130722112124,0.569372341158113,0.45331732635823146,imL
541,0.7347318069827803,0.501141782344897,1.0,0.8473180698278033,0.4335900246378833,0.5768773511205376,0.46489648458597244,imL
542,0.7242806876793113,0.4676982005737963,1.0,0.7428068767931133,0.4565824871055151,0.6500351862448206,0.5777685730634377,imL
543,0.7631260660013747,0.5142047392729773,0.48,0.5,0.5339488151817557,0.6147715643621368,0.5237478679972507,imS
544,0.6945673984379683,0.5017395269887215,0.48,0.5,0.5370651182528197,0.6895628380676708,0.6608652031240633,imS
545,0.8469024390026814,0.5294368070913966,0.48,0.5,0.5301407982271509,0.5233791574516203,0.35619512199463715,imS
546,0.8062546711004629,0.5220463038364478,0.48,0.5,0.5319884240408881,0.5677221769813132,0.43749065779907426,imS
547,0.693504770395297,0.501546321890054,0.48,0.5,0.5371134195274865,0.690722068659676,0.662990459209406,imS
548,0.8038386189168653,0.5216070216212483,0.48,0.5,0.532098244594688,0.5703578702725107,0.4423227621662695,imS
549,0.7166888055481775,0.5057616010087596,0.48,0.5,0.5360595997478101,0.6654303939474427,0.6166223889036451,imS
550,0.6462138067270632,0.492947964859466,0.48,0.5,0.5392630087851336,0.7423122108432038,0.7575723865458736,imS
551,0.7067630543895722,0.5039569189799222,0.48,0.5,0.5365107702550195,0.6762584861204667,0.6364738912208556,imS
552,0.8312911286196317,0.5265983870217512,0.48,0.5,0.5308504032445622,0.5404096778694927,0.3874177427607364,imS
553,0.6629915128862441,0.49599845688840805,0.48,0.5,0.538500385777898,0.7240092586695519,0.7240169742275118,imS
554,0.7511208516895953,0.5120219730344718,0.48,0.5,0.5344945067413821,0.6278681617931688,0.5477582966208094,imS
555,0.8290097743721095,0.5261835953403836,0.48,0.5,0.5309541011649042,0.5428984279576987,0.39198045125578096,imS
556,0.7684199845163814,0.5151672699120694,0.48,0.5,0.5337081825219827,0.608996380527584,0.5131600309672372,imS
557,0.7771450755859935,0.5167536501065443,0.48,0.5,0.5333115874733639,0.5994780993607343,0.4957098488280128,imS
558,0.7034970815441507,0.5033631057353002,0.48,0.5,0.536659223566175,0.6798213655881993,0.6430058369116985,imS
559,0.7600855132957,0.5136519115083091,0.48,0.5,0.5340870221229228,0.6180885309501455,0.5298289734086001,imS
560,0.6904387944578141,0.5009888717196026,0.48,0.5,0.5372527820700994,0.6940667696823846,0.6691224110843718,imS
561,0.7534735536864943,0.5124497370339081,0.48,0.5,0.534387565741523,0.6253015777965517,0.5430528926270115,imS
562,0.7657560875541662,0.5146829250098485,0.48,0.5,0.5338292687475379,0.6119024499409096,0.5184878248916676,imS
563,0.8437766609856028,0.5288684838155642,0.48,0.5,0.5302828790461089,0.5267890971066151,0.3624466780287943,imS
564,0.6632389586614615,0.49604344702935665,0.48,0.5,0.5384891382426609,0.7237393178238601,0.723522082677077,imS
565,0.7887804946562721,0.518869180846595,0.48,0.5,0.5327827047883513,0.5867849149204305,0.4724390106874558,imS
566,0.6819166823447702,0.49943939678995825,0.48,0.5,0.5376401508025105,0.7033636192602506,0.6861666353104595,imS
567,0.6863350310074913,0.500242732910453,0.48,0.5,0.5374393167723868,0.6985436025372822,0.6773299379850175,imS
568,0.6388953896984549,0.49161734358153725,0.48,0.5,0.5395956641046157,0.7502959385107765,0.7722092206030903,imS
569,0.7863458357308732,0.5184265155874315,0.48,0.5,0.5328933711031422,0.589440906475411,0.47730832853825356,imS
570,0.6543959805786029,0.49443563283247327,0.48,0.5,0.5388910917918818,0.7333862030051604,0.7412080388427943,imS
571,0.7266540304104694,0.5075734600746308,0.48,0.5,0.5356066349813423,0.6545592395522152,0.5966919391790612,imS
572,0.6743782245137872,0.4980687680934158,0.48,0.5,0.5379828079766461,0.7115873914395049,0.7012435509724257,imS
573,0.6529320089518258,0.49416945617305924,0.48,0.5,0.5389576359567352,0.7349832629616446,0.7441359820963486,imS
574,0.7454185508999354,0.5109851910727156,0.48,0.5,0.5347537022318212,0.6340888535637068,0.5591628982001292,imS
575,0.7539206258348043,0.5125310228790554,0.48,0.5,0.5343672442802362,0.624813862725668,0.5421587483303911,imS
576,0.783013539013748,0.5178206434570451,0.48,0.5,0.5330448391357387,0.5930761392577294,0.4839729219725039,imS
577,0.6606529199692927,0.49557325817623504,0.48,0.5,0.5386066854559413,0.7265604509425898,0.7286941600614147,imS
578,0.7170281765588802,0.5058233048288873,0.48,0.5,0.5360441737927782,0.6650601710266761,0.6159436468822397,imS
579,0.7487650400863681,0.5115936436520669,0.48,0.5,0.5346015890869833,0.6304381380875985,0.5524699198272638,imS
580,0.8053265305583507,0.5218775510106093,0.48,0.5,0.5320306122473477,0.5687346939363447,0.4393469388832985,imS
581,0.6425722144772442,0.49228585717768075,0.48,0.5,0.5394285357055798,0.7462848569339154,0.7648555710455116,imS
582,0.718249597372522,0.5060453813404586,0.48,0.5,0.5359886546648854,0.6637277119572487,0.6135008052549559,imS
583,0.697147314731265,0.5022086026784118,0.48,0.5,0.5369478493303971,0.6867483839295291,0.65570537053747,imS
584,0.6562970754166433,0.4947812864393897,0.48,0.5,0.5388046783901526,0.7313122813636619,0.7374058491667135,imS
585,0.7673578905894345,0.5149741619253517,0.48,0.5,0.5337564595186621,0.6101550284478896,0.515284218821131,imS
586,0.6950394108842971,0.5018253474335086,0.48,0.5,0.5370436631416229,0.6890479153989486,0.6599211782314058,imS
587,0.6532087371626596,0.4942197703932108,0.48,0.5,0.5389450574016973,0.734681377640735,0.743582525674681,imS
588,0.7304376055062403,0.5082613828193164,0.48,0.5,0.5354346542951709,0.6504317030841016,0.5891247889875195,imS
589,0.6780568961877034,0.49873761748867335,0.48,0.5,0.5378155956278317,0.70757429506796,0.6938862076245933,imS
590,0.7583678114685194,0.5133396020851854,0.48,0.5,0.5341650994787037,0.6199623874888879,0.5332643770629611,imS
591,0.824321656962151,0.5253312103567548,0.48,0.5,0.5311671974108113,0.5480127378594717,0.4013566860756979,imS
592,0.7013559046211603,0.5029738008402109,0.48,0.5,0.5367565497899472,0.6821571949587343,0.6472881907576795,imS
593,0.8231406499658518,0.5251164818119731,0.48,0.5,0.5312208795470068,0.5493011091281617,0.40371870006829624,imS
594,0.7083855243769345,0.504251913523079,0.48,0.5,0.5364370216192302,0.674488518861526,0.6332289512461311,imS
595,0.6504977428599341,0.4937268623381698,0.48,0.5,0.5390682844154576,0.737638825970981,0.7490045142801318,imS
596,0.6898690948646198,0.5008852899753854,0.48,0.5,0.5372786775061537,0.6946882601476876,0.6702618102707605,imS
597,0.7075081734809003,0.5040923951783455,0.48,0.5,0.5364769012054137,0.675445628929927,0.6349836530381994,imS
598,0.6301144829389694,0.4900208150798126,0.48,0.5,0.5399947962300469,0.7598751095211242,0.7897710341220611,imS
599,0.7075651483935171,0.5041027542533668,0.48,0.5,0.5364743114366584,0.6753834744797994,0.6348697032129657,imS
600,0.7829481232052335,0.5178087496736788,0.48,0.5,0.5330478125815803,0.593147501957927,0.4841037535895328,imS
601,0.8137757123085528,0.5234137658742823,0.48,0.5,0.5316465585314294,0.559517404754306,0.4224485753828944,imS
602,0.7325003277374027,0.5086364232249824,0.48,0.5,0.5353408941937544,0.6481814606501061,0.5849993445251944,imS
603,0.7433374063010236,0.5106068011456407,0.48,0.5,0.5348482997135898,0.636359193126156,0.5633251873979526,imS
604,0.6976640727641406,0.5023025586843892,0.48,0.5,0.5369243603289028,0.6861846478936648,0.6546718544717189,imS
605,0.7907292865643253,0.5192235066480592,0.48,0.5,0.5326941233379853,0.5846589601116452,0.4685414268713495,imS
606,0.7962923851054897,0.5202349791100891,0.48,0.5,0.5324412552224778,0.5785901253394659,0.4574152297890206,imS
607,0.8129759707219553,0.5232683583130828,0.48,0.5,0.5316829104217293,0.5603898501215033,0.4240480585560894,imS
608,0.6781281283060755,0.4987505687829228,0.48,0.5,0.5378123578042693,0.7074965873024631,0.6937437433878492,imS
609,0.752782440443815,0.5123240800806936,0.48,0.5,0.5344189799798266,0.6260555195158382,0.5444351191123699,imS
610,0.761156042367231,0.5138465531576784,0.48,0.5,0.5340383617105804,0.6169206810539298,0.5276879152655379,imS
611,0.6442762943639759,0.49259568988435926,0.48,0.5,0.5393510775289102,0.7444258606938444,0.7614474112720482,imS
612,0.6858613910655559,0.5001566165573738,0.48,0.5,0.5374608458606566,0.6990603006557573,0.6782772178688884,imS
613,0.6843127338244923,0.49987504251354403,0.48,0.5,0.5375312393716141,0.7007497449187358,0.6813745323510155,imS
614,0.7831869400247534,0.5178521709135916,0.48,0.5,0.5330369572716022,0.5928869745184508,0.4836261199504931,imS
615,0.6933004702166228,0.5015091764030223,0.48,0.5,0.5371227058992445,0.690944941581866,0.6633990595667545,imS
616,0.662579124589748,0.495923477198136,0.48,0.5,0.5385191307004661,0.724459136811184,0.7248417508205041,imS
617,0.6304970932892328,0.49009038059804233,0.48,0.5,0.5399774048504895,0.7594577164117461,0.7890058134215345,imS
618,0.6886918231405627,0.5006712405710114,0.48,0.5,0.5373321898572472,0.6959725565739316,0.6726163537188746,imS
619,0.8448552902831836,0.5290645982333061,0.48,0.5,0.5302338504416735,0.5256124106001633,0.3602894194336327,imS
620,0.7204281429300109,0.5064414805327293,0.48,0.5,0.5358896298668178,0.6613511168036245,0.6091437141399783,imS
621,0.8427288387618793,0.528677970683978,0.48,0.5,0.5303305073290056,0.5279321758961316,0.36454232247624124,imS
622,0.7059156745658702,0.5038028499210673,0.48,0.5,0.5365492875197332,0.6771829004735961,0.6381686508682595,imS
623,0.7104427041657,0.5046259462119455,0.48,0.5,0.5363435134470137,0.6722443227283273,0.6291145916686001,imS
624,0.7797551993420486,0.5172282180621907,0.48,0.5,0.5331929454844524,0.596630691626856,0.4904896013159026,imS
625,0.7331943916702299,0.5087626166673146,0.48,0.5,0.5353093458331714,0.6474242999961127,0.58361121665954,imS
626,0.7285122962060802,0.5079113265829237,0.48,0.5,0.5355221683542691,0.652532040502458,0.5929754075878397,imS
627,0.7283635204043079,0.5078842764371468,0.48,0.5,0.5355289308907133,0.6526943413771187,0.5932729591913843,imS
628,0.7196067207465334,0.5062921310448243,0.48,0.5,0.535926967238794,0.6622472137310544,0.6107865585069332,imS
629,0.6477877317931974,0.4932341330533086,0.48,0.5,0.5391914667366728,0.7405952016801484,0.7544245364136053,imS
630,0.768676019666491,0.5152138217575438,0.48,0.5,0.5336965445606141,0.608717069454737,0.512647960667018,imS
631,0.6832751864210337,0.49968639753109706,0.48,0.5,0.5375784006172257,0.7018816148134178,0.6834496271579327,imS
632,0.8066907464035771,0.5221255902551959,0.48,0.5,0.531968602436201,0.567246458468825,0.4366185071928458,imS
633,0.7334661395781285,0.5088120253778415,0.48,0.5,0.5352969936555396,0.6471278477329507,0.5830677208437431,imS
634,0.8463530909968654,0.5293369256357937,0.48,0.5,0.5301657685910516,0.5239784461852377,0.3572938180062691,imS
635,0.7177413773378016,0.5059529776977821,0.48,0.5,0.5360117555755545,0.6642821338133073,0.6145172453243967,imS
636,0.8096150121082645,0.5226572749287753,0.48,0.5,0.5318356812678062,0.5640563504273479,0.43076997578347104,imS
637,0.8056359274966012,0.521933804999382,0.48,0.5,0.5320165487501545,0.5683971700037077,0.4387281450067975,imS
638,0.6631578596723945,0.4960287017586172,0.48,0.5,0.5384928245603458,0.723827789448297,0.7236842806552111,imS
639,0.7418037308829581,0.5103279510696288,0.48,0.5,0.5349180122325928,0.6380322935822276,0.5663925382340838,imS
640,0.783078817493994,0.5178325122716353,0.48,0.5,0.5330418719320912,0.5930049263701884,0.483842365012012,imS
641,0.8188389370590183,0.5243343521925488,0.48,0.5,0.5314164119518628,0.5539938868447073,0.41232212588196326,imS
642,0.7782890408555854,0.5169616437919247,0.48,0.5,0.5332595890520189,0.5982301372484523,0.4934219182888293,imS
643,0.8015469695355794,0.5211903580973781,0.48,0.5,0.5322024104756555,0.5728578514157316,0.4469060609288412,imS
644,0.7864528971363639,0.5184459812975207,0.48,0.5,0.5328885046756199,0.5893241122148758,0.4770942057272722,imS
645,0.8080902301507373,0.5223800418455886,0.48,0.5,0.5319049895386029,0.5657197489264683,0.4338195396985252,imS
646,0.7067065172041804,0.5039466394916692,0.48,0.5,0.5365133401270827,0.676320163049985,0.6365869655916391,imS
647,0.6511588412401126,0.4938470620436568,0.48,0.5,0.5390382344890858,0.736917627738059,0.7476823175197749,imS
648,0.8369151181877128,0.5276209305795841,0.48,0.5,0.530594767355104,0.5342744165224951,0.3761697636245742,imS
649,0.7174658446392549,0.5059028808435009,0.48,0.5,0.5360242797891248,0.6645827149389947,0.6150683107214902,imS
650,0.7439052971160456,0.5107100540210993,0.48,0.5,0.5348224864947252,0.6357396758734047,0.5621894057679088,imS
651,0.8142962232996122,0.5235084042362932,0.48,0.5,0.5316228989409267,0.5589495745822413,0.4214075534007757,imS
652,0.7013481742513582,0.5029723953184287,0.48,0.5,0.5367569011703929,0.6821656280894274,0.6473036514972835,imS
653,0.7917475462329698,0.5194086447696309,0.48,0.5,0.5326478388075923,0.5835481313822147,0.46650490753406026,imS
654,0.8040042434377029,0.5216371351704915,0.48,0.5,0.5320907162073771,0.5701771889770513,0.441991513124594,imS
655,0.7491185542420644,0.5116579189531026,0.48,0.5,0.5345855202617243,0.6300524862813842,0.551762891515871,imS
656,0.7830725678559181,0.5178313759738034,0.48,0.5,0.5330421560065493,0.5930117441571803,0.4838548642881638,imS
657,0.7997189952045941,0.520857999128108,0.48,0.5,0.532285500217973,0.5748520052313519,0.45056200959081183,imS
658,0.668490083961106,0.49699819708383747,0.48,0.5,0.5382504507290407,0.7180108174969754,0.7130198320777881,imS
659,0.6339229644675242,0.49071326626682255,0.48,0.5,0.5398216834332944,0.7557204023990646,0.7821540710649517,imS
660,0.7436598960796231,0.5106654356508405,0.48,0.5,0.5348336410872899,0.6360073860949566,0.5626802078407538,imS
661,0.68738241846269,0.5004331669932164,0.48,0.5,0.5373917082516959,0.6974009980407019,0.6752351630746201,imS
662,0.6308241860532566,0.49014985200968303,0.48,0.5,0.5399625369975792,0.7591008879419019,0.7883516278934868,imS
663,0.8423922572835346,0.5286167740515517,0.48,0.5,0.530345806487112,0.5282993556906895,0.36521548543293075,imS
664,0.7271754402064385,0.5076682618557161,0.48,0.5,0.535582934536071,0.6539904288657035,0.595649119587123,imS
665,0.8241799955016547,0.5253054537275736,0.48,0.5,0.5311736365681067,0.5481672776345585,0.4016400089966905,imS
666,0.8084844361648965,0.5224517156663449,0.48,0.5,0.5318870710834138,0.5652897060019311,0.4330311276702069,imS
667,0.78864830242972,0.5188451458963127,0.48,0.5,0.5327887135259218,0.5869291246221237,0.47270339514056003,imS
668,0.7840787225940097,0.5180143131989109,0.48,0.5,0.5329964217002723,0.5919141208065349,0.48184255481198063,imS
669,0.8162654512924272,0.5238664456895322,0.48,0.5,0.531533388577617,0.5568013258628066,0.4174690974151454,imS
670,0.6616086557868197,0.49574702832487627,0.48,0.5,0.538563242918781,0.7255178300507422,0.7267826884263606,imS
671,0.7189917879668818,0.5061803250848876,0.48,0.5,0.5359549187287781,0.6629180494906743,0.6120164240662364,imS
672,0.8253094217274112,0.5255108039504384,0.48,0.5,0.5311222990123904,0.5469351762973697,0.3993811565451777,imS
673,0.8172042587288528,0.5240371379507005,0.48,0.5,0.5314907155123249,0.5557771722957969,0.4155914825422944,imS
674,0.6441603012713916,0.49257460023116206,0.48,0.5,0.5393563499422095,0.7445523986130274,0.7616793974572169,imS
675,0.6772250567549324,0.49858637395544225,0.48,0.5,0.5378534065111394,0.7084817562673464,0.6955498864901353,imS
676,0.7028225839628697,0.5032404698114309,0.48,0.5,0.5366898825471423,0.6805571811314148,0.6443548320742606,imS
677,0.7222489432839799,0.5067725351425418,0.48,0.5,0.5358068662143646,0.6593647891447492,0.6055021134320401,imS
678,0.7680977913564165,0.5151086893375303,0.48,0.5,0.5337228276656174,0.6093478639748183,0.513804417287167,imS
679,0.6431706426592887,0.4923946623016889,0.48,0.5,0.5394013344245778,0.7456320261898668,0.7636587146814225,imS
680,0.6357939559138301,0.49105344652978733,0.48,0.5,0.5397366383675533,0.7536793208212762,0.7784120881723396,imS
681,0.7875373855577575,0.5186431610105013,0.48,0.5,0.5328392097473746,0.5881410339369918,0.4749252288844849,imS
682,0.7828199507242334,0.5177854455862243,0.48,0.5,0.533053638603444,0.5932873264826545,0.4843600985515331,imS
683,0.7368350257889699,0.5094245501434491,0.48,0.5,0.5351438624641378,0.6434526991393056,0.5763299484220603,imS
684,0.8719312319065842,0.4341203441634777,0.48,0.5,0.5260515760700619,0.7400859601167697,0.7479828079766461,imU
685,0.7831270921297945,0.44,0.48,0.5,0.4468729078702056,0.7237458157404112,0.68,imU
686,0.6042611066954633,0.3517981290136745,0.48,0.5,0.6114777866090733,0.7690148089272845,0.7890148089272845,imU
687,0.8474689771209446,0.48436724428023614,0.48,0.5,0.6325310228790554,0.76,0.79,imU
688,0.8113138739501711,0.40391032172852254,0.48,0.5,0.6386861260498289,0.8343587130859098,0.8513138739501711,imU
689,0.7474601691034712,0.4044267418237649,0.48,0.5,0.505573258176235,0.5969665727202937,0.6283598872643525,imU
690,0.6339558262072218,0.4358233048288873,0.48,0.5,0.48,0.7541766951711127,0.7841766951711128,imU
691,0.6346015890869833,0.43840635634793307,0.48,0.5,0.48,0.7515936436520669,0.781593643652067,imU
692,0.7182755102261292,0.5056326530318277,0.48,0.5,0.6918775510106092,0.8498469387632616,0.8618775510106093,imU
693,0.7848568213502183,0.41685757153304226,0.48,0.5,0.6622858571776807,0.812857321472101,0.8322858571776808,imU
694,0.8539546186595415,0.48598865466488533,0.48,0.5,0.6260453813404585,0.76,0.79,imU
695,0.5811655892863528,0.4947392466519852,0.48,0.5,0.6338956986607941,0.7261043013392059,0.763052150669603,imU
696,0.728367251268932,0.41880467839015256,0.48,0.5,0.6511953216098475,0.7747812864393897,0.7947812864393897,imU
697,0.7561918643320414,0.4550775142239448,0.48,0.5,0.6750258380746482,0.8287822975933103,0.8450258380746483,imU
698,0.8459126737167543,0.5429563368583772,0.48,0.5,0.7145239576994743,0.8874802945578515,0.7384323791589028,imU
699,0.782615401811881,0.41105494259830266,0.48,0.5,0.6589450574016973,0.8057802296067892,0.8257802296067891,imU
700,0.8517386171806836,0.4854346542951709,0.48,0.5,0.6282613828193164,0.76,0.79,imU
701,0.7943688087443367,0.5181559562783167,0.48,0.5,0.4825247650226533,0.6621844043721684,0.68,imU
702,0.7641650994787037,0.6433584083407414,0.48,0.5,0.5041650994787037,0.7391556963509256,0.7458349005212963,imU
703,0.6113248414270189,0.5041640129459434,0.48,0.5,0.6376656051783773,0.7223343948216226,0.7611671974108113,imU
704,0.6497303506301583,0.4240523983195781,0.48,0.5,0.6278351472693144,0.6197303506301582,0.6664869004201055,imU
705,0.7361043977350337,0.26854615682904714,0.48,0.5,0.57,0.7524417590940135,0.7812208795470068,imU
706,0.5220668054269277,0.6064370216192302,0.814725124199973,0.5,0.5706889351423092,0.7171259567615395,0.7471259567615395,imU
707,0.6253414220772877,0.5183854402608822,0.48,0.5,0.6353414220772877,0.7209317155845424,0.76,imU
708,0.801836032518461,0.44,0.48,0.5,0.42816396748153907,0.6863279349630781,0.68,imU
709,0.8559076048216545,0.4864769012054136,0.48,0.5,0.6240923951783455,0.76,0.79,imU
710,0.7499843886901405,0.37002601884976577,0.48,0.5,0.6400052037699532,0.7000364263896721,0.7400260188497658,imU
711,0.8558972457466332,0.4864743114366583,0.48,0.5,0.6241027542533668,0.76,0.79,imU
712,0.6974303132342227,0.3821912503263212,0.48,0.5,0.5278087496736789,0.6247609370920986,0.6617131245105183,imU
713,0.6315259097200059,0.4216465585314294,0.48,0.5,0.5816465585314293,0.781767207342853,0.8034137658742824,imU
714,0.7060226825812632,0.42465910580624555,0.48,0.5,0.6220453651625265,0.7560226825812633,0.7806817883875089,imU
715,0.6545448991407695,0.41121360229128134,0.48,0.5,0.6069721037233322,0.6245448991407695,0.6696965994271797,imU
716,0.7976974413156108,0.5292269190132919,0.48,0.5,0.5515461619734162,0.78,0.7815461619734162,imU
717,0.694247110041867,0.38077649335194086,0.48,0.5,0.5292235066480592,0.6265293833100739,0.6638352599720887,imU
718,0.8173237656674333,0.5126762343325668,0.48,0.5,0.5651174895550445,0.78,0.7853524686651335,imU
719,0.7782196270478949,0.4116829104217293,0.48,0.5,0.6583170895782707,0.8032683583130829,0.8232683583130828,imU
720,0.8209382109786536,0.5343752843914614,0.48,0.5,0.5831258531743841,0.8568741468256158,0.8690617890213465,imU
721,0.5402291801815606,0.6044189799798265,0.7097869589509826,0.5,0.5767430600605202,0.7211620400403468,0.7511620400403468,imU
722,0.7378849148682588,0.39019180855290203,0.48,0.5,0.6440383617105804,0.7282685319740628,0.760191808552902,imU
723,0.5919467674132695,0.2984359921241676,0.48,0.5,0.6361064651734611,0.7525956898843593,0.7725956898843593,imU
724,0.7876174624180303,0.44,0.48,0.5,0.44238253758196966,0.7147650751639393,0.68,imU
725,0.7798750425135441,0.542593718114842,0.48,0.5,0.524812563770316,0.78,0.754812563770316,imU
726,0.6369630427283979,0.44785217091359153,0.48,0.5,0.48,0.7421478290864084,0.7721478290864084,imU
727,0.7113681176977332,0.4228772941007556,0.48,0.5,0.6327362353954665,0.7613681176977333,0.7842454117984888,imU
728,0.7796339149032621,0.411480869299534,0.48,0.5,0.6585191307004661,0.804076522801864,0.8240765228018639,imU
729,0.7301129757475529,0.26015816604657405,0.48,0.5,0.57,0.7500451902990212,0.7800225951495106,imU
730,0.6980034304282585,0.42733218985724714,0.48,0.5,0.6060068608565171,0.7480034304282586,0.7753356202855057,imU
731,0.8409354017666939,0.4883630469082857,0.48,0.5,0.5492984486749797,0.7788307477916326,0.7402338504416734,imU
732,0.6487725909322761,0.4241103701331823,0.48,0.5,0.5841103701331822,0.7694481493340884,0.7935585194672707,imU
733,0.8109915219870165,0.5190084780129836,0.48,0.5,0.569338985341989,0.78,0.7980169560259671,imU
734,0.6355635371250697,0.3903521374408005,0.48,0.5,0.2118313491317405,0.5245071248026683,0.4300706619277381,imU
735,0.6473129731059728,0.46731297310597275,0.48,0.5,0.5019389193179182,0.7190305403410409,0.7526870268940273,imU
736,0.7972282180621907,0.529578836453357,0.48,0.5,0.550842327093286,0.78,0.780842327093286,imU
737,0.6459280374995141,0.4940719625004859,0.48,0.5,0.5869065416682864,0.7093813083336572,0.7493813083336572,imU
738,0.7965665050628072,0.44,0.48,0.5,0.43343349493719274,0.6968669898743856,0.68,imU
739,0.6065867926721398,0.36187610157927264,0.48,0.5,0.6068264146557203,0.7721157235628532,0.7921157235628532,imU
740,0.7937078689551758,0.5322190982836182,0.48,0.5,0.5455618034327636,0.78,0.7755618034327636,imU
741,0.7527232006300556,0.40676586694669137,0.48,0.5,0.5032341330533087,0.5940426663166357,0.6248511995799629,imU
742,0.8552138217575438,0.48630345543938597,0.48,0.5,0.6247861782424562,0.76,0.79,imU
743,0.5921079969138713,0.5782056055550316,0.48,0.5,0.6021079969138713,0.7275784006172257,0.76,imU
744,0.6762197829465927,0.42803139756379893,0.48,0.5,0.588031397563799,0.7498430121810052,0.7778744097448042,imU
745,0.7423270571001435,0.4735639238664754,0.48,0.5,0.6811879746221584,0.8364849682776981,0.8511879746221584,imU
746,0.8395026942268453,0.4904973057731547,0.48,0.5,0.5503315371821031,0.78,0.7409946115463094,imU
747,0.6519647332733366,0.4180940446044358,0.48,0.5,0.6181528224822082,0.6219647332733366,0.667976488848891,imU
748,0.8473427250712247,0.47715023112535687,0.48,0.5,0.5444929561965816,0.7708215936609693,0.7418356812678062,imU
749,0.7860496462504635,0.44,0.48,0.5,0.44395035374953656,0.7179007074990731,0.68,imU
750,0.7154784736810371,0.42150717543965427,0.48,0.5,0.6409569473620742,0.7654784736810372,0.7869856491206915,imU
751,0.6552459633022216,0.4093440978607425,0.48,0.5,0.6039341590237066,0.6252459633022216,0.6701639755348144,imU
752,0.7291256157962736,0.4047906403395441,0.48,0.5,0.6469581280679089,0.7487068964753617,0.7747906403395441,imU
753,0.7472522924332348,0.40433435219254876,0.48,0.5,0.5056656478074513,0.5970820597593139,0.6284984717111768,imU
754,0.7293363014681696,0.4908849313757738,0.48,0.5,0.6869616437919246,0.8437020547399058,0.8569616437919246,imU
755,0.7133927685730335,0.4222024104756555,0.48,0.5,0.6367855371460671,0.7633927685730335,0.785595179048689,imU
756,0.6113344859731406,0.3824494392169423,0.48,0.5,0.597331028053719,0.7784459812975207,0.7984459812975208,imU
757,0.7728550941525744,0.43285987446323415,0.48,0.5,0.6676199581544114,0.8195249476930143,0.8376199581544114,imU
758,0.6365133401270827,0.44605336050833083,0.48,0.5,0.48,0.7439466394916692,0.7739466394916692,imU
759,0.6309617655109142,0.4238470620436568,0.48,0.5,0.48,0.7661529379563432,0.7961529379563432,imU
760,0.6182156979346881,0.4122680243836485,0.48,0.5,0.5835686041306237,0.7876209305795842,0.8076209305795842,imU
761,0.7919271606326257,0.44,0.48,0.5,0.43807283936737434,0.7061456787347486,0.68,imU
762,0.7955325405158244,0.44,0.48,0.5,0.4344674594841756,0.6989349189683512,0.68,imU
763,0.8067542021181466,0.4562289894092672,0.48,0.5,0.43298319152741377,0.6683771010590733,0.68,imU
764,0.7832430988296072,0.41405520936314244,0.48,0.5,0.4532430988296072,0.7591878894664648,0.6864861976592144,imU
765,0.5561694507316695,0.6026478388075922,0.6176876179947985,0.5,0.5820564835772232,0.7247043223848154,0.7547043223848154,imU
766,0.7437278513778686,0.3804535810368857,0.48,0.5,0.6420907162073771,0.7146350134516399,0.7504535810368856,imU
767,0.7187303176444809,0.39165791895310265,0.48,0.5,0.5183420810468974,0.6129276013086217,0.647513121570346,imU
768,0.6108735319803524,0.3804519719148607,0.48,0.5,0.5982529360392951,0.7778313759738034,0.7978313759738034,imU
769,0.762285500217973,0.673431996512432,0.48,0.5,0.502285500217973,0.7259985015258109,0.747714499782027,imU
770,0.6032414361482279,0.3852486478128781,0.48,0.5,0.1369801679222119,0.5074954927095936,0.3807369288578215,imU
771,0.8096433668665888,0.44178316566705644,0.48,0.5,0.42142653253364515,0.6698216834332944,0.68,imU
772,0.7135027697856088,0.3893345643491594,0.48,0.5,0.5206654356508406,0.6158317945635507,0.6509981534762609,imU
773,0.7234746257347368,0.49870049902035096,0.48,0.5,0.6895668330067836,0.8469585412584796,0.8595668330067836,imU
774,0.8098876109927378,0.44,0.48,0.5,0.4201123890072623,0.6702247780145246,0.68,imU
775,0.624467096206207,0.5082709675644397,0.48,0.5,0.6393083870257759,0.7206916129742241,0.760345806487112,imU
776,0.7579146726803548,0.2990805417524968,0.48,0.5,0.57,0.761165869072142,0.785582934536071,imU
777,0.8064790902956802,0.44,0.48,0.5,0.42352090970431977,0.6770418194086396,0.68,imU
778,0.7143387867497586,0.4218870710834138,0.48,0.5,0.6386775734995173,0.7643387867497586,0.7862258578331724,imU
779,0.7883661405777654,0.44,0.48,0.5,0.44163385942223454,0.713267718844469,0.68,imU
780,0.7980143131989109,0.5289892651008169,0.48,0.5,0.5520214697983663,0.78,0.7820214697983663,imU
781,0.8638664456895322,0.48846661142238307,0.48,0.5,0.6161335543104678,0.76,0.79,imU
782,0.6943102712436572,0.4285632429187809,0.48,0.5,0.5986205424873144,0.7443102712436572,0.7728735141624382,imU
783,0.7859549187287781,0.39236065016977517,0.48,0.5,0.45595491872877814,0.7835942685590028,0.6919098374575562,imU
784,0.8366331029628288,0.4933668970371712,0.48,0.5,0.5522445980247809,0.78,0.7467337940743424,imU
785,0.8040371379507005,0.5244721465369746,0.48,0.5,0.5610557069260507,0.78,0.7910557069260508,imU
786,0.7767817497110474,0.32549444959546636,0.48,0.5,0.57,0.7687126998844189,0.7893563499422095,imU
787,0.7406806586002549,0.4014136260445577,0.48,0.5,0.5085863739554423,0.6007329674443028,0.6328795609331634,imU
788,0.7899303523585732,0.44,0.48,0.5,0.44006964764142686,0.7101392952828537,0.68,imU
789,0.7925794013569064,0.44,0.48,0.5,0.4374205986430936,0.7048411972861873,0.68,imU
790,0.8211684829968523,0.5088315170031477,0.48,0.5,0.5625543446687651,0.78,0.7776630340062954,imU
791,0.8117959967262667,0.5182040032737334,0.48,0.5,0.5688026688491555,0.78,0.7964080065474668,imU
792,0.7412655114395277,0.7949379542418893,0.48,0.5,0.8431017328407084,0.5743672442802361,0.29563275571976383,om
793,0.6869551608642612,0.6021793565429548,0.48,0.5,0.7578206434570451,0.39304483913573873,0.23740355222164852,om
794,0.645573258176235,0.5783598872643525,0.48,0.5,0.7041799436321762,0.3397532018084113,0.26557325817623506,om
795,0.7404417379277818,0.7116466096577747,0.48,0.5,0.8339558262072218,0.41977913103610914,0.28208834758555634,om
796,0.7392031781739665,0.8031872873041338,0.48,0.5,0.8461952327390502,0.5753984109130167,0.29460158908698325,om
797,0.7340612244946954,0.8237551020212184,0.48,0.5,0.8539081632579569,0.5779693877526523,0.29203061224734767,om
798,0.6817143928832606,0.6345717143553615,0.48,0.5,0.727142678527899,0.4017143928832606,0.3034287857665211,om
799,0.7398865466488537,0.7120907626809172,0.48,0.5,0.8340113453351146,0.4200567266755732,0.2819773093297707,om
800,0.7494784933039704,0.7044172053568236,0.48,0.5,0.8330521506696029,0.4152607533480148,0.28389569866079406,om
801,0.6276093567803052,0.6971719296590845,0.48,0.5,0.6332654974621361,0.4004374271212206,0.28597660804923714,om
802,0.7375129190373241,0.8099483238507035,0.48,0.5,0.8487306214440138,0.5762435404813379,0.293756459518662,om
803,0.67,0.8681746525664914,0.48,0.5,0.7329563368583771,0.5118253474335086,0.2854760423005257,om
804,0.6352747129915135,0.6836703444101837,0.48,0.5,0.6584395407864216,0.4089450574016973,0.28210988519660546,om
805,0.5417386171806836,0.7393494941627784,0.48,0.5,0.7471732714758544,0.3691306914096582,0.41804258006619627,om
806,0.7247091693948217,0.8956311912556634,0.48,0.5,0.6049504699546934,0.523446786883495,0.2812623825113266,om
807,0.6508254973935184,0.665009403127778,0.48,0.5,0.6833207958296293,0.40583490052129634,0.28833019895740736,om
808,0.6916719741081132,0.7506624207135095,0.48,0.5,0.8388328025891887,0.44416401294594343,0.27233439482162264,om
809,0.5470261991597891,0.7221648527306856,0.48,0.5,0.7537827489497363,0.36648690042010545,0.4272958485296308,om
810,0.5551164818119732,0.6958714341110875,0.48,0.5,0.7638956022649663,0.36244175909401344,0.4414538431709529,om
811,0.6864370216192303,0.6042519135230789,0.48,0.5,0.755748086476921,0.39356297838076976,0.24206680542692774,om
812,0.6765220090917973,0.8706828441545754,0.48,0.5,0.7318634311690849,0.5037268623381699,0.24068284415457541,om
813,0.6190492574569245,0.7817705799507708,0.8584912303199896,0.5,0.761836032518461,0.5763933875307682,0.4791801625923047,om
814,0.6659076048216546,0.6088614072324817,0.48,0.5,0.7194307036162408,0.3753383084378954,0.2859076048216545,om
815,0.6400208150798127,0.570031222619719,0.48,0.5,0.7000156113098595,0.3300364263896721,0.2600208150798126,om
816,0.6994229343099749,0.6817944914932664,0.48,0.5,0.6976284428167084,0.41942293430997496,0.33884586861994986,om
817,0.5478087496736789,0.7196215635605439,0.48,0.5,0.7547609370920986,0.3660956251631606,0.428665311928938,om
818,0.6816465585314294,0.6234137658742823,0.48,0.5,0.7365862341257177,0.3983534414685706,0.28518097321713526,om
819,0.67,0.8586364232249823,0.48,0.5,0.7353408941937544,0.5213635767750177,0.314090730325053,om
820,0.67,0.8593931988543593,0.48,0.5,0.7351517002864102,0.5206068011456407,0.311820403436922,om
821,0.6892269190132919,0.6546051173687784,0.48,0.5,0.7146218016445135,0.4092269190132919,0.3184538380265838,om
822,0.7353882466759705,0.8184470132961182,0.48,0.5,0.8519176299860444,0.5773058766620147,0.2926941233379852,om
823,0.750469958220178,0.5748825104449554,0.48,0.5,0.8531461925527448,0.49582242688531164,0.20244125522247775,om
824,0.7333658208434586,0.8265367166261656,0.48,0.5,0.8549512687348121,0.5783170895782707,0.2916829104217293,om
825,0.6431258531743842,0.511876421957307,0.48,0.5,0.7856247156085386,0.4368741468256158,0.2646865046298851,om
826,0.6211620400403468,0.7165138798789595,0.48,0.5,0.5881342802824278,0.3746481601613873,0.30209489989913296,om
827,0.5361534468423217,0.7575012977624548,0.48,0.5,0.740191808552902,0.37192327657883917,0.4082685319740629,om
828,0.6338935348265389,0.4964892247108981,0.48,0.5,0.7887021550578204,0.44610646517346114,0.2754575427023713,om
829,0.7496867668852524,0.5750783082786869,0.48,0.5,0.8520693044672221,0.4944518420491918,0.20253915413934345,om
830,0.6423438031419301,0.6751874362296839,0.48,0.5,0.6697500850270881,0.40753123937161395,0.284937521256772,om
831,0.6869630427283978,0.6021478290864084,0.48,0.5,0.7578521709135916,0.39303695727160215,0.23733261544441903,om
832,0.6684908235969778,0.6127362353954665,0.48,0.5,0.7213681176977332,0.379858941294711,0.2884908235969777,om
833,0.732961738599068,0.8281530456037279,0.48,0.5,0.855557392101398,0.578519130700466,0.291480869299534,om
834,0.5200903805980424,0.8097062630563625,0.48,0.5,0.7201129757475528,0.37995480970097883,0.38015816604657404,om
835,0.7446643797144943,0.7813424811420228,0.48,0.5,0.8380034304282585,0.5726678101427528,0.29733218985724713,om
836,0.6790645982333061,0.6285968973499592,0.48,0.5,0.7292984486749796,0.3983630469082857,0.2990645982333061,om
837,0.67,0.8635585194672707,0.48,0.5,0.7341103701331823,0.5164414805327293,0.2993244415981878,om
838,0.521322029316022,0.8057034047229288,0.48,0.5,0.7216525366450274,0.379338985341989,0.3823135513030384,om
839,0.6865492875197331,0.6038028499210673,0.48,0.5,0.7561971500789327,0.39345071248026686,0.24105641232240146,om
840,0.6226870268940272,0.7119389193179182,0.48,0.5,0.598809188258191,0.3807481075761091,0.2982824327649318,om
841,0.670842327093286,0.5580705451554766,0.48,0.5,0.7763858909689046,0.409157672906714,0.23235061839116633,om
842,0.7393813083336572,0.8024747666653709,0.48,0.5,0.8459280374995141,0.5753093458331713,0.2946906541668286,om
843,0.6189556632914618,0.7231330101256145,0.48,0.5,0.5726896430402328,0.36582265316584733,0.30761084177134546,om
844,0.6576446544535665,0.6568264146557203,0.48,0.5,0.6942314471257063,0.4044710691092867,0.29105786178142656,om
845,0.6985112293284425,0.8881460655224122,0.48,0.5,0.6648314758207029,0.5122190982836182,0.26629213104482424,om
846,0.73434026715671,0.7880853326332715,0.48,0.5,0.7483829334733457,0.5367658669466914,0.1580853326332715,om
847,0.617393089121228,0.7278207326363157,0.48,0.5,0.5617516238485967,0.35957235648491237,0.3115172771969298,om
848,0.6445295962966455,0.5142159938277425,0.48,0.5,0.7851568012344515,0.43547040370335444,0.2630488043205802,om
849,0.5278744097448042,0.7844081683293865,0.48,0.5,0.7298430121810052,0.37606279512759794,0.39378021705340727,om
850,0.653515031722302,0.6617819619332377,0.48,0.5,0.6876240507556831,0.4052969936555396,0.2894060126889208,om
851,0.671160380137361,0.8783423140894843,0.48,0.5,0.7303315371821031,0.5006630743642063,0.2483423140894843,om
852,0.617976488848891,0.7260705334533268,0.48,0.5,0.5658354219422375,0.36190595539556425,0.31005877787777236,om
853,0.5526572749287754,0.7038638564814801,0.48,0.5,0.7608215936609692,0.36367136253561233,0.4371502311253569,om
854,0.6558841587489186,0.8238676099987641,0.5848605350080334,0.5,0.7460496462504634,0.5500827437507725,0.40024823125231734,om
855,0.6460287017586172,0.5790430526379258,0.48,0.5,0.7045215263189628,0.34055022807758006,0.2660287017586172,om
856,0.7398360244651856,0.8006559021392575,0.48,0.5,0.8452459633022216,0.5750819877674072,0.2949180122325928,om
857,0.5478325122716353,0.7195443351171854,0.48,0.5,0.7547906403395441,0.36608374386418235,0.42870689647536175,om
858,0.7328328239037256,0.8286687043850975,0.48,0.5,0.8557507641444115,0.5785835880481371,0.2914164119518628,om
859,0.622817123364132,0.7860767124161507,0.8305013692950199,0.5,0.7602212328439435,0.5737020547399058,0.4711061642197173,om
860,0.645595179048689,0.505595179048689,0.48,0.5,0.6886313361835213,0.5201783057191007,0.3189879476217226,om
861,0.6726689719462811,0.5611149532438018,0.48,0.5,0.7757770093512397,0.40733102805371896,0.23021953272933876,om
862,0.6723800418455886,0.6185700627683829,0.48,0.5,0.7242850313841914,0.3866650732297801,0.29238004184558863,om
863,0.6430266802541654,0.5030266802541654,0.48,0.5,0.7053265783479249,0.5086200611437444,0.31256670063541353,om
864,0.7623058759126864,0.5719235310218284,0.48,0.5,0.8694205793799438,0.5165352828472011,0.20096176551091421,om
865,0.6776209305795842,0.6264313958693762,0.48,0.5,0.7282156979346881,0.3958366285142723,0.29762093057958416,om
866,0.6420485595782496,0.5020485595782496,0.48,0.5,0.7116843627413779,0.504218518102123,0.3101213989456239,om
867,0.728224864947252,0.7214201080421985,0.48,0.5,0.8351775135052748,0.425887567526374,0.2796449729894504,om
868,0.7467542021181466,0.7729831915274138,0.48,0.5,0.8348686968227801,0.5716228989409267,0.2983771010590733,om
869,0.7159447906368575,0.5835138023407855,0.48,0.5,0.8056740871256791,0.4354033836145007,0.2067569011703928,om
870,0.7064783880759229,0.7388172895392617,0.48,0.5,0.8373521611924077,0.4367608059620386,0.2752956776151846,om
871,0.5516371351704915,0.7071793106959028,0.48,0.5,0.7595464189631144,0.36418143241475426,0.43536498654836003,om
872,0.7391710405234486,0.8033158379062053,0.48,0.5,0.8462434392148269,0.5754144797382756,0.29458552026172435,om
873,0.7495784399345082,0.7043372480523935,0.48,0.5,0.8330421560065492,0.4152107800327459,0.28391568798690164,om
874,0.703143499346081,0.691715998256216,0.48,0.5,0.6914275010898651,0.42314349934608103,0.346286998692162,om
875,0.6882504507290406,0.5969981970838374,0.48,0.5,0.7630018029161626,0.3917495492709594,0.22574594343863424,om
876,0.7303566331334113,0.8385734674663549,0.48,0.5,0.8594650502998831,0.5798216834332943,0.2901783165667056,om
877,0.67,0.8593345643491594,0.48,0.5,0.7351663589127101,0.5206654356508406,0.31199630695252173,om
878,0.67,0.8695668330067836,0.48,0.5,0.7326082917483041,0.5104331669932164,0.28129950097964906,om
879,0.6803746300242076,0.7597002959806339,0.48,0.5,0.8399625369975792,0.4498126849878962,0.2700749260048415,om
880,0.67,0.8786167740515518,0.48,0.5,0.730345806487112,0.5013832259484483,0.25414967784534476,om
881,0.7009194582475032,0.8358293453607097,0.48,0.5,0.738834130927858,0.5176682618557161,0.20582934536070976,om
882,0.7476527268637868,0.7693890925448528,0.48,0.5,0.8335209097043198,0.5711736365681066,0.2988263634318934,om
883,0.7549034313326897,0.5737741421668275,0.48,0.5,0.8592422180824483,0.5035810048322069,0.2018870710834138,om
884,0.7355774270518436,0.8176902917926254,0.48,0.5,0.8516338594222346,0.5772112864740782,0.2927887135259218,om
885,0.7139713736021782,0.5840071565994553,0.48,0.5,0.8029606387029952,0.43194990380381204,0.2070035782997277,om
886,0.7330667771552338,0.8277328913790645,0.48,0.5,0.8553998342671492,0.578466611422383,0.2915333885776169,om
887,0.5257470283248763,0.7913221579441521,0.48,0.5,0.7271837854060954,0.37712648583756186,0.3900572995685335,om
888,0.6502254063561095,0.6657295123726685,0.48,0.5,0.6823606501697752,0.4059549187287781,0.2880901625424438,om
889,0.6912229901239041,0.7510216079008768,0.48,0.5,0.8388777009876096,0.444388504938048,0.2722445980247808,om
890,0.6595649914137259,0.828074275901401,0.5575172066408933,0.5,0.7444721465369746,0.5474535775616244,0.3923607326848731,om
891,0.67,0.8774253997688379,0.48,0.5,0.7306436500577905,0.5025746002311621,0.2577238006934863,om
892,0.67,0.8485863739554422,0.48,0.5,0.7378534065111394,0.5314136260445578,0.3442408781336732,om
893,0.5332404698114309,0.7669684731128498,0.48,0.5,0.7365505872642886,0.37337976509428455,0.403170822170004,om
894,0.7383862675712709,0.8064549297149164,0.48,0.5,0.8474205986430936,0.5758068662143645,0.29419313378563544,om
895,0.67,0.8651086893375303,0.48,0.5,0.7337228276656174,0.5148913106624697,0.29467393198740915,om
896,0.6859866557542222,0.7552106753966223,0.48,0.5,0.8394013344245778,0.4470066721228889,0.27119733115084443,om
897,0.67,0.8410534465297873,0.48,0.5,0.7397366383675532,0.5389465534702127,0.3668396604106381,om
898,0.67,0.8513568389894987,0.48,0.5,0.7371607902526254,0.5286431610105014,0.3359294830315041,om
899,0.6522145544137757,0.5883218316206635,0.48,0.5,0.7091609158103318,0.35137547022410753,0.27221455441377573,om
900,0.5394245501434491,0.7468702120337906,0.48,0.5,0.7442806876793113,0.37028772492827544,0.41399296275103586,om
901,0.67,0.8620630342805501,0.48,0.5,0.7344842414298625,0.5179369657194499,0.3038108971583497,om
902,0.680554253738918,0.7595565970088657,0.48,0.5,0.8399445746261082,0.44972287313054105,0.2701108507477836,om
903,0.67,0.8470370101070938,0.48,0.5,0.7382407474732265,0.5329629898929062,0.3488889696787186,om
904,0.5207230145446209,0.8076502027299823,0.48,0.5,0.7209037681807761,0.37963849272768957,0.38126527545308647,om
905,0.7398778743036687,0.8004885027853252,0.48,0.5,0.8451831885444969,0.5750610628481656,0.29493893715183434,om
906,0.7556941832622937,0.5735764541844265,0.48,0.5,0.8603295019856538,0.5049648207090139,0.2017882270922133,om
907,0.6546587513833144,0.5919881270749716,0.48,0.5,0.7109940635374857,0.3556528149208002,0.2746587513833144,om
908,0.6697668209222626,0.6146502313833937,0.48,0.5,0.7223251156916969,0.3820919366139594,0.28976682092226247,om
909,0.689534205302351,0.8520939924252129,0.48,0.5,0.7355812015149574,0.5111624030299149,0.22209399242521294,om
910,0.6438387841629523,0.5038387841629522,0.48,0.5,0.7000479029408107,0.512274528733285,0.31459696040738055,om
911,0.6937237930833531,0.6665967815556081,0.48,0.5,0.7071270115277449,0.41372379308335305,0.32744758616670605,om
912,0.7401762815367752,0.7992948738528992,0.48,0.5,0.8447355776948372,0.5749118592316124,0.2950881407683876,om
913,0.6836366738181411,0.6154533047274358,0.48,0.5,0.7445466952725642,0.396363326181859,0.26726993563673057,om
914,0.6825046181860559,0.6199815272557766,0.48,0.5,0.7400184727442234,0.39749538181394417,0.27745843632549744,om
915,0.676243540481338,0.5125387571119724,1.0,0.5,0.6350258380746483,0.5612693785559862,0.2349224857760552,omL
916,0.6740873262832457,0.49,1.0,0.5,0.5963493051329829,0.5529563368583772,0.3036506948670171,omL
917,0.7047252870084865,0.46316482779490814,1.0,0.5,0.5221098851966054,0.5868351722050918,0.30632965558981623,omL
918,0.6708693085903419,0.49,1.0,0.5,0.5834772343613672,0.5545653457048292,0.3165227656386328,omL
919,0.6756311912556634,0.49,1.0,0.5,0.6025247650226533,0.5521844043721684,0.2974752349773467,omL
920,0.6808254973935183,0.477504701563889,1.0,0.5,0.5316698010425926,0.572495298436111,0.335009403127778,omL
921,0.6658359870540567,0.48649840776756603,1.0,0.5,0.5376656051783774,0.563501592232434,0.35299681553513207,omL
922,0.6937827489497362,0.4697303506301582,1.0,0.5,0.5264869004201055,0.5802696493698418,0.31946070126031645,omL
923,0.7038956022649663,0.4636626386410202,1.0,0.5,0.5224417590940135,0.5863373613589797,0.3073252772820404,omL
924,0.6728740432384606,0.49,1.0,0.5,0.591496172953842,0.5535629783807698,0.30850382704615803,omL
925,0.6790682844154576,0.49559029350725475,1.0,0.5,0.6237268623381699,0.5527951467536274,0.2688194129854905,omL
926,0.6963933875307682,0.46816396748153905,1.0,0.5,0.5254426449876928,0.5818360325184609,0.3163279349630781,omL
927,0.6670461975891728,0.49,1.0,0.5,0.568184790356691,0.5564769012054137,0.331815209643309,omL
928,0.6600260188497659,0.4899843886901405,1.0,0.5,0.5399895924600937,0.5600156113098596,0.35996877738028105,omL
929,0.6735256885633417,0.5288458686199499,1.0,0.5,0.6458972457466332,0.5694229343099749,0.20230826276010028,omL
930,0.6752390629079015,0.48085656225525913,1.0,0.5,0.5339043748368395,0.5691434377447409,0.3417131245105183,omL
931,0.6716465585314294,0.5401206488114235,1.0,0.5,0.6534137658742823,0.5750603244057118,0.17975870237715302,omL
932,0.6693182116124912,0.49,1.0,0.5,0.5772728464499647,0.5553408941937544,0.32272715355003534,omL
933,0.7215170028641017,0.5603034005728204,1.0,0.5,0.5106006916941052,0.5593931988543593,0.08272449570384748,omL
934,0.6769243603289028,0.5084538380265838,1.0,0.5,0.6323025586843892,0.5592269190132919,0.24309232394683244,omL
935,0.6734706166899261,0.48191762998604437,1.0,0.5,0.5346117533240295,0.5680823700139557,0.3438352599720887,omL
936,0.6751174895550446,0.49,1.0,0.5,0.6004699582201781,0.5524412552224778,0.29953004177982195,omL
937,0.6716829104217293,0.5399025374696242,1.0,0.5,0.6532683583130828,0.5749512687348121,0.1801949250607517,omL
938,0.748123578042693,0.5656247156085386,1.0,0.5,0.4334416236761904,0.5487505687829228,0.04281463293596054,omL
939,0.7141897997982659,0.5588379599596531,1.0,0.5,0.531849580585029,0.5623240800806937,0.09371530030260117,omL
940,0.6898081914470979,0.4721150851317412,1.0,0.5,0.5280767234211609,0.5778849148682588,0.32423017026348244,omL
941,0.7067553876445509,0.46194676741326945,1.0,0.5,0.5212978449421797,0.5880532325867305,0.30389353482653886,omL
942,0.6726957706967173,0.48238253758196964,1.0,0.5,0.5349216917213131,0.5676174624180303,0.3447650751639393,omL
943,0.672468760628386,0.535187436229684,1.0,0.5,0.6501249574864559,0.5725937181148419,0.18962512754063215,omL
944,0.6769630427283979,0.5082217436296127,1.0,0.5,0.6321478290864084,0.5591108718148063,0.2435565127407746,omL
945,0.6743864705037779,0.48136811769773324,1.0,0.5,0.5342454117984888,0.5686318823022668,0.3427362353954665,omL
946,0.671480869299534,0.541114784202796,1.0,0.5,0.654076522801864,0.575557392101398,0.177770431594408,omL
947,0.6799774048504895,0.4901355708970635,1.0,0.5,0.6200903805980423,0.5500677854485317,0.27972885820587307,omL
948,0.7433218985724716,0.5646643797144942,1.0,0.5,0.44736649413983265,0.5506712405710115,0.05001715214129275,omL
949,0.6611692522083674,0.48929844867497957,1.0,0.5,0.5395322991166531,0.5607015513250204,0.35859689734995914,omL
950,0.6717792597336354,0.49,1.0,0.5,0.5871170389345415,0.5541103701331823,0.31288296106545854,omL
951,0.7083474633549726,0.4609915219870165,1.0,0.5,0.520661014658011,0.5890084780129835,0.3019830439740329,omL
952,0.6730985750394664,0.49,1.0,0.5,0.5923943001578653,0.5534507124802669,0.30760569984213465,omL
953,0.7065648655298636,0.5573129731059727,1.0,0.5,0.5539618899633956,0.5653740537880545,0.10515270170520456,omL
954,0.6940352725777383,0.469578836453357,1.0,0.5,0.5263858909689046,0.580421163546643,0.319157672906714,omL
955,0.6753093458331714,0.5181439250009718,1.0,0.5,0.6387626166673146,0.564071962500486,0.2237121499980564,omL
956,0.7252216835426909,0.5610443367085381,1.0,0.5,0.49985711772619656,0.5579113265829236,0.07716747468596374,omL
957,0.6755289308907133,0.5168264146557203,1.0,0.5,0.6378842764371468,0.5634132073278602,0.22634717068855936,omL
958,0.6896348361939697,0.4722190982836182,1.0,0.5,0.5281460655224122,0.5777809017163819,0.3244381965672364,omL
959,0.6640426663166358,0.4875744002100185,1.0,0.5,0.5383829334733458,0.5624255997899815,0.35514880042003705,omL
960,0.7330345543938596,0.5626069108787719,1.0,0.5,0.4771997922578073,0.5547861782424562,0.06544816840921067,omL
961,0.6721079969138714,0.48273520185167723,1.0,0.5,0.5351568012344515,0.5672647981483228,0.3454704037033544,omL
962,0.6639372048724022,0.49,1.0,0.5,0.5557488194896083,0.558031397563799,0.34425118051039166,omL
963,0.6835150317223019,0.47589098096661886,1.0,0.5,0.5305939873110792,0.5741090190333812,0.33178196193323767,omL
964,0.6798342314089485,0.4909946115463094,1.0,0.5,0.6206630743642063,0.5504973057731548,0.2780107769073812,omL
965,0.6739882444244456,0.5260705334533269,1.0,0.5,0.6440470223022179,0.5680352667266634,0.20785893309334638,omL
966,0.6781643187321938,0.501014087606837,1.0,0.5,0.6273427250712247,0.5555070438034185,0.2579718247863261,omL
967,0.6779834512498456,0.5020992925009269,1.0,0.5,0.628066195000618,0.5560496462504635,0.2558014149981461,omL
968,0.6769856491206915,0.49,1.0,0.5,0.6079425964827656,0.5515071754396543,0.29205740351723436,omL
969,0.6845900611629641,0.4752459633022216,1.0,0.5,0.5301639755348144,0.5747540366977785,0.3304919266044431,omL
970,0.7004187193209118,0.5560837438641824,1.0,0.5,0.5717857139693557,0.5678325122716352,0.11437192101863228,omL
971,0.6785835880481372,0.4984984717111768,1.0,0.5,0.6256656478074512,0.5542492358555884,0.2630030565776464,omL
972,0.6762979452600942,0.48022123284394347,1.0,0.5,0.5334808218959624,0.5697787671560566,0.3404424656878869,omL
973,0.6722024104756555,0.5367855371460671,1.0,0.5,0.6511903580973781,0.5733927685730336,0.1864289257078658,omL
974,0.6955574766219008,0.46866551402685946,1.0,0.5,0.5257770093512397,0.5813344859731405,0.31733102805371893,omL
975,0.7004750523069857,0.4657149686158086,1.0,0.5,0.5238099790772057,0.5842850313841914,0.31142993723161705,omL
976,0.6734866598729173,0.5290800407624963,1.0,0.5,0.6460533605083308,0.5695400203812481,0.20183991847500754,omL
977,0.6780764689781716,0.49,1.0,0.5,0.6123058759126864,0.5509617655109142,0.2876941240873137,omL
978,0.7070261632244802,0.4617843020653119,1.0,0.5,0.5211895347102079,0.5882156979346881,0.30356860413062375,omL
979,0.6798786010543761,0.4780728393673743,1.0,0.5,0.5320485595782496,0.5719271606326257,0.33614567873474865,omL
980,0.6751775135052749,0.5189349189683512,1.0,0.5,0.6392899459789008,0.5644674594841756,0.22213016206329764,omL
981,0.7018855052953664,0.4648686968227802,1.0,0.5,0.5232457978818534,0.5851313031772198,0.3097373936455603,omL
982,0.693784505851964,0.4697292964888216,1.0,0.5,0.5264861976592144,0.5802707035111784,0.3194585929776431,omL
983,0.6773521611924078,0.5058870328455537,1.0,0.5,0.6305913552303691,0.5579435164227768,0.24822593430889267,omL
984,0.6720907162073771,0.5374557027557372,1.0,0.5,0.6516371351704915,0.5737278513778685,0.18508859448852566,omL
985,0.7158552026172434,0.5591710405234487,1.0,0.5,0.5270199124099941,0.5616579189531026,0.09121719607413487,omL
986,0.6660843120130984,0.49,1.0,0.5,0.5643372480523935,0.5569578439934508,0.3356627519476066,omL
987,0.675428999564054,0.49,1.0,0.5,0.601715998256216,0.5522855002179731,0.298284001743784,omL
988,0.6687477463547968,0.4847513521871219,1.0,0.5,0.5365009014580813,0.5652486478128781,0.3495027043742438,omL
989,0.6603566331334113,0.49,1.0,0.5,0.5414265325336451,0.5598216834332944,0.3585734674663548,omL
990,0.6858317945635507,0.4745009232618696,1.0,0.5,0.5296672821745797,0.5754990767381304,0.32900184652373915,omL
991,0.7439170825169591,0.5647834165033918,1.0,0.5,0.44564046070081864,0.5504331669932164,0.04912437622456135,omL
992,0.6799625369975792,0.4902247780145245,1.0,0.5,0.620149852009683,0.5501123890072623,0.27955044397095097,omL
993,0.679654193512888,0.4920748389226724,1.0,0.5,0.6213832259484482,0.5510374194613362,0.27585032215465527,omL
994,0.675582934536071,0.5165023927835741,1.0,0.5,0.6376682618557161,0.5632511963917871,0.22699521443285173,omL
995,0.6623472731362132,0.49,1.0,0.5,0.5493890925448528,0.5588263634318934,0.35061090745514717,omL
996,0.7511292891658621,0.5662258578331724,1.0,0.5,0.424725061419,0.5475482843336552,0.03830606625120691,omL
997,0.6744225729481564,0.49,1.0,0.5,0.5976902917926254,0.5527887135259218,0.3023097082073746,omL
998,0.6659928434005447,0.49,1.0,0.5,0.5639713736021783,0.5570035782997278,0.3360286263978217,omL
999,0.6853338857761695,0.5530667771552339,1.0,0.5,0.6155317312491088,0.5738664456895322,0.13699917133574588,omL
1000,0.6843675708121908,0.5528735141624381,1.0,0.5,0.6183340446446468,0.5742529716751237,0.13844864378171387,omL
1001,0.7295491872877811,0.5619098374575562,1.0,0.5,0.48730735686543514,0.5561803250848876,0.07067621906832851,omL
1002,0.6812229901239041,0.5522445980247809,1.0,0.5,0.6274533286406784,0.5755108039504384,0.14316551481414397,omL
1003,0.6785092844876752,0.4989442930739492,1.0,0.5,0.6259628620492995,0.5544721465369746,0.26211141385210157,omL
1004,0.6632182502889526,0.4880690498266284,1.0,0.5,0.5387126998844189,0.5619309501733716,0.3561380996532568,omL
1005,0.6707329674443029,0.4835602195334183,1.0,0.5,0.5357068130222788,0.5664397804665817,0.3471204390668366,omL
1006,0.7031011745285771,0.5566202349057154,1.0,0.5,0.5640065938671264,0.5667595301885692,0.11034823820713428,omL
1007,0.6809656689281772,0.47742059864309366,1.0,0.5,0.5316137324287291,0.5725794013569063,0.3348411972861873,omL
1008,0.6913858616719128,0.4711684829968523,1.0,0.5,0.5274456553312349,0.5788315170031477,0.3223369659937046,omL
1009,0.6759866557542222,0.5511973311508445,1.0,0.5,0.6426386983127558,0.5776053376983111,0.15102001636866677,omL
1010,0.6613168081622341,0.4892099151026595,1.0,0.5,0.5394732767351064,0.5607900848973405,0.35841983020531903,omL
1011,0.6743215805052507,0.49,1.0,0.5,0.5972863220210027,0.5528392097473747,0.3027136779789973,omL
1012,0.6752681930172196,0.4808390841896682,1.0,0.5,0.5338927227931122,0.5691609158103318,0.3416781683793364,omL
1013,0.6842806876793113,0.4754315873924132,1.0,0.5,0.5302877249282755,0.5745684126075868,0.3308631747848264,omL
1014,0.7251575857013753,0.561031517140275,1.0,0.5,0.5000430014660118,0.55793696571945,0.0772636214479371,omL
1015,0.6799445746261082,0.49033255224335076,1.0,0.5,0.6202217014955672,0.5501662761216755,0.2793348955132985,omL
1016,0.7524074747322654,0.5664814949464531,1.0,0.5,0.4210183232764302,0.5470370101070938,0.036388787901601806,omL
1017,0.6701807536361553,0.5489154781830687,1.0,0.5,0.6592769854553792,0.5794577390915343,0.1621690436338625,omL
1018,0.6846946857591717,0.475183188544497,1.0,0.5,0.5301221256963313,0.574816811455503,0.3303663770889939,omL
1019,0.7521177290778671,0.5664235458155734,1.0,0.5,0.4218585856741853,0.5471529083688532,0.03682340638319932,omL
1020,0.6726706243083428,0.49,1.0,0.5,0.5906824972333712,0.5536646878458287,0.3093175027666288,omL
1021,0.6727914738471719,0.4823251156916969,1.0,0.5,0.5348834104611313,0.5676748843083032,0.34465023138339373,omL
1022,0.6772093992425213,0.5067436045448722,1.0,0.5,0.6311624030299149,0.5583718022724361,0.24651279091025552,omL
1023,0.6945969604073805,0.46924182375557166,1.0,0.5,0.5261612158370478,0.5807581762444283,0.31848364751114333,omL
1024,0.6828729884722551,0.47627620691664696,1.0,0.5,0.530850804611098,0.5737237930833531,0.3325524138332939,omL
1025,0.7191185923161241,0.5598237184632248,1.0,0.5,0.5175560822832403,0.5603525630735504,0.086322111525814,omL
1026,0.6781833690907052,0.4790899785455769,1.0,0.5,0.532726652363718,0.5709100214544232,0.3381799570911537,omL
1027,0.6749907636278883,0.49,1.0,0.5,0.5999630545115533,0.5525046181860559,0.3000369454884467,omL
1028,0.6805064576219728,0.47769612542681633,1.0,0.5,0.5317974169512109,0.5723038745731837,0.3353922508536326,omL
1029,0.6721107141724991,0.5504221428344999,1.0,0.5,0.6538789288997526,0.5791557143310003,0.15683392874125135,omL
1030,0.6702651569408109,0.49,1.0,0.5,0.5810606277632436,0.5548674215295946,0.3189393722367564,omL
1031,0.7053049393859276,0.4628170363684434,1.0,0.5,0.5218780242456289,0.5871829636315566,0.30563407273688675,omL
1032,0.6882802817244785,0.47303183096531287,1.0,0.5,0.5286878873102085,0.5769681690346872,0.3260636619306257,omL
1033,0.7349921592305324,0.5629984318461064,1.0,0.5,0.47152273823145596,0.5540031363077871,0.06251176115420135,omL
1034,0.6922551681015282,0.4706468991390831,1.0,0.5,0.5270979327593888,0.579353100860917,0.3212937982781661,omL
1035,0.693446202983155,0.469932278210107,1.0,0.5,0.526621518806738,0.580067721789893,0.319864556420214,omL
1036,0.6786416756507191,0.4981499460956858,1.0,0.5,0.6254332973971238,0.5540749730478429,0.2637001078086284,omL
1037,0.6753962946351689,0.49,1.0,0.5,0.6015851785406756,0.5523018526824156,0.29841482145932446,omL
1038,0.6850403310057623,0.47497580139654255,1.0,0.5,0.5299838675976951,0.5750241986034574,0.3299516027930851,omL
1039,0.7127995800790817,0.5585599160158163,1.0,0.5,0.5358812177706631,0.5628801679683673,0.09580062988137746,omL
1040,0.6776855401430631,0.5038867591416215,1.0,0.5,0.6292578394277476,0.5569433795708107,0.2522264817167571,omL
1041,0.6791279245649113,0.49,1.0,0.5,0.6165116982596452,0.5504360377175443,0.2834883017403547,omL
1042,0.6799455051079735,0.4903269693521595,1.0,0.5,0.6202179795681063,0.5501634846760798,0.27934606129568096,omL
1043,0.6706011097201812,0.49,1.0,0.5,0.5824044388807246,0.5546994451399094,0.31759556111927545,omL
1044,0.6744087931640649,0.49,1.0,0.5,0.5976351726562593,0.5527956034179676,0.3023648273437407,omL
1045,0.6658252988866871,0.4865048206679878,1.0,0.5,0.5376698804453253,0.5634951793320123,0.3530096413359755,omL
1046,0.6650456245220517,0.49,1.0,0.5,0.5601824980882069,0.5574771877389741,0.3398175019117931,omL
1047,0.6795307184702396,0.4928156891785628,1.0,0.5,0.6218771261190419,0.5514078445892815,0.2743686216428744,omL
1048,0.6733849939065898,0.49,1.0,0.5,0.593539975626359,0.5533075030467052,0.3064600243736411,omL
1049,0.6823617516582255,0.4765829490050647,1.0,0.5,0.5310552993367098,0.5734170509949353,0.3331658980101294,omL
1050,0.6813853765414581,0.47716877407512515,1.0,0.5,0.5314458493834168,0.5728312259248749,0.3343375481502503,omL
1051,0.6798033158371605,0.49118010497703724,1.0,0.5,0.6207867366513582,0.5505900524885187,0.27763979004592554,omL
1052,0.6637673128003064,0.48773961231981616,1.0,0.5,0.5384930748798775,0.5622603876801839,0.3554792246396323,omL
1053,0.6362809419064338,0.78,0.48,0.5,0.45914603872904414,0.4764325484113052,0.5074381161871325,pp
1054,0.7151378747254421,0.7151378747254421,0.48,0.5,0.38458637582367367,0.5382873750915194,0.4122641238102492,pp
1055,0.6157298669322564,0.6357298669322564,0.48,0.5,0.4007025998008077,0.4328649334661282,0.3571350665338718,pp
1056,0.64,0.7031439294187571,0.48,0.5,0.46752523922500955,0.41157196470937857,0.1928093450968738,pp
1057,0.630853921663165,0.8028651958420876,0.48,0.5,0.48170784332632993,0.36,0.38914607833683507,pp
1058,0.6784554534984858,0.8057722732507572,0.48,0.5,0.5456369689989905,0.4928184844994952,0.24127393799798103,pp
1059,0.6380219698075404,0.8439560603849192,0.48,0.5,0.3739560603849192,0.4539560603849192,0.3881318188452424,pp
1060,0.6244730386207863,0.78,0.48,0.5,0.46701797425280916,0.48627246781601147,0.5310539227584276,pp
1061,0.7385575630260569,0.5601311306339949,0.48,0.5,0.47026226126798965,0.6802622612679897,0.2986886936600517,pp
1062,0.6763346861577995,0.6636653138422006,0.48,0.5,0.6231673430788998,0.4617795815437326,0.40544489538593315,pp
1063,0.5739743136306834,0.5939743136306834,0.48,0.5,0.3959614704460252,0.46006421592329133,0.33794862726136693,pp
1064,0.570110442342472,0.590110442342472,0.48,0.5,0.39016566351370807,0.4697238941438199,0.3302208846849441,pp
1065,0.7426184571381934,0.8436907714309033,0.48,0.5,0.3592269285772583,0.5236907714309034,0.32815461428454834,pp
1066,0.6617257062460953,0.5758628531230476,0.48,0.5,0.46706857343847613,0.4612057203154285,0.5129314265615238,pp
1067,0.701679426556721,0.7664503584020493,0.48,0.5,0.4327099283195901,0.42645035840204937,0.4118702150412296,pp
1068,0.7408508138674378,0.844574593066281,0.48,0.5,0.3614364826657027,0.5245745930662811,0.3277127034668595,pp
1069,0.6585191069653182,0.8585191069653182,0.48,0.5,0.3422213395520227,0.41296178606936357,0.3629617860693636,pp
1070,0.63,0.8192460281436718,0.48,0.5,0.4215079437126564,0.3613227417164582,0.22584657285442725,pp
1071,0.6988413094047486,0.6146347623810052,0.48,0.5,0.5681108341667591,0.5153652376189948,0.4276826188094974,pp
1072,0.7445241370350237,0.8427379314824881,0.48,0.5,0.3568448287062203,0.5227379314824881,0.32863103425875595,pp
1073,0.5911649063413779,0.5773978876096535,0.48,0.5,0.4362329812682756,0.3824659625365512,0.34986385014620464,pp
1074,0.6734550987573675,0.6666910197514735,0.48,0.5,0.3363987827337914,0.39,0.22676407900589404,pp
1075,0.6387288329942795,0.7831779175143012,0.48,0.5,0.49745766598855906,0.36,0.3812711670057205,pp
1076,0.6968901767828434,0.6224392928686265,0.48,0.5,0.5817687625200963,0.5075607071313735,0.4237803535656867,pp
1077,0.6332518332202675,0.8534963335594651,0.48,0.5,0.38349633355946505,0.46349633355946507,0.35951099932160485,pp
1078,0.64,0.7037763707002839,0.48,0.5,0.46836849426704513,0.41188818535014193,0.19270393821661935,pp
1079,0.6781221264322393,0.71,0.48,0.5,0.4063755747135521,0.5144977011457915,0.36449770114579144,pp
1080,0.63,0.8033836177227103,0.48,0.5,0.4532327645545796,0.3190229805938939,0.27872127425763266,pp
1081,0.5836107462580975,0.568332895509717,0.48,0.5,0.4347221492516195,0.37944429850323896,0.3377771940129559,pp
1082,0.675216230162468,0.783587827378149,0.48,0.5,0.4228243452437019,0.43402028770308493,0.422391884918766,pp
1083,0.6814702085110802,0.5985297914889198,0.48,0.5,0.5013973436166899,0.3642648957444599,0.3627946872333797,pp
1084,0.74,0.48521570097233796,0.48,0.5,0.43913719611064816,0.547176448541493,0.37435289708298614,pp
1085,0.3068383159270849,0.39,0.48,0.5,0.525612771975695,0.33264673629166047,0.42387228024305035,pp
1086,0.7191613128018175,0.8554193435990912,0.48,0.5,0.38854835899772805,0.5354193435990913,0.3222903282004544,pp
1087,0.7096277357818634,0.7804963522908487,0.48,0.5,0.3454343082544927,0.5907445284362731,0.5402481761454244,pp
1088,0.64,0.6886360302370803,0.48,0.5,0.44818137364944044,0.40431801511854015,0.19522732829381995,pp
1089,0.5240590240388809,0.5814491796328289,0.48,0.5,0.4986229490820725,0.481449179632829,0.5386229490820725,pp
1090,0.5905083825348819,0.609745808732559,0.48,0.5,0.4205083825348819,0.4192374261976771,0.37025419126744097,pp
1091,0.5653945713496653,0.5464734856195983,0.48,0.5,0.43107891426993306,0.37215782853986606,0.3086313141594643,pp
1092,0.739057124429398,0.739057124429398,0.48,0.5,0.31282862671180606,0.5303142918568674,0.5159142058607246,pp
1093,0.6472717917747244,0.8472717917747243,0.48,0.5,0.3590923123379134,0.4354564164505512,0.38545641645055123,pp
1094,0.6768564401892367,0.6794306794322899,0.48,0.5,0.4805693205677102,0.41571779905381634,0.33685644018923677,pp
1095,0.6001714138232941,0.604914293088353,0.48,0.5,0.43017141382329405,0.4047428792650589,0.37508570691164705,pp
1096,0.679075664739261,0.6727730057822172,0.48,0.5,0.48722699421778276,0.4046216763036954,0.33907566473926093,pp
1097,0.6324929222914888,0.8550141554170225,0.48,0.5,0.3850141554170225,0.46501415541702246,0.3549575337489325,pp
1098,0.6741038292303564,0.6346229753821377,0.48,0.5,0.5017923415392874,0.3823114876910689,0.36358468307857483,pp
1099,0.665333068312583,0.78,0.48,0.5,0.43977795445827805,0.45222244307284754,0.44933386337483416,pp
1100,0.6977120183450838,0.6285600917254189,0.48,0.5,0.46771201834508375,0.4939841284155864,0.4814399082745811,pp
1101,0.7253812054102724,0.7823093972948638,0.48,0.5,0.5769208036068483,0.5084604018034241,0.3038416072136966,pp
1102,0.6684099418834493,0.788692543587413,0.48,0.5,0.41261491282517393,0.4255124273543116,0.4257950290582754,pp
1103,0.6683877871274599,0.8180610643627002,0.48,0.5,0.2645099158528604,0.41838778712745994,0.26773434159794046,pp
1104,0.5914060469531485,0.6092969765234257,0.48,0.5,0.42140604695314854,0.4178909295702772,0.37070302347657424,pp
1105,0.6780812037956442,0.6584872227738651,0.48,0.5,0.49383759240871167,0.39424361138693254,0.3476751848174233,pp
1106,0.6336659624348958,0.8526680751302085,0.48,0.5,0.38266807513020845,0.46266807513020847,0.3619957746093746,pp
1107,0.6912853940981227,0.6448584236075088,0.48,0.5,0.6210022413131403,0.4851415763924913,0.4125707881962456,pp
1108,0.6917796753860532,0.7878531169240355,0.48,0.5,0.4417796753860531,0.44981639615504426,0.4180367207689911,pp
1109,0.7425371976445586,0.8437314011777207,0.48,0.5,0.3593285029443018,0.5237314011777208,0.32813429941113964,pp
1110,0.6263629796677952,0.5721488200302004,0.48,0.5,0.4753720500755011,0.4721488200302004,0.5153720500755011,pp
1111,0.6753934224191566,0.6838197327425305,0.48,0.5,0.47618026725746954,0.4230328879042175,0.33539342241915654,pp
1112,0.6003720077582031,0.5884464093098437,0.48,0.5,0.4380744015516406,0.38614880310328126,0.364595212413125,pp
1113,0.7237654779954096,0.7831172610022953,0.48,0.5,0.5758436519969397,0.5079218259984699,0.30168730399387944,pp
1114,0.49996076449381005,0.5836399305005627,0.48,0.5,0.5040998262514068,0.4836399305005627,0.5440998262514068,pp
1115,0.6611005192452768,0.7088994807547232,0.48,0.5,0.4155025962263838,0.4944974037736162,0.34779896150944645,pp
1116,0.6677206483745807,0.8213967581270971,0.48,0.5,0.27051416462877476,0.41772064837458056,0.2750728678796136,pp
1117,0.3071867663412123,0.39,0.48,0.5,0.5257289221137375,0.33125293463515076,0.42271077886262565,pp
1118,0.6572794093631003,0.5736397046815501,0.48,0.5,0.4681801476592249,0.4645404429776748,0.5118198523407751,pp
1119,0.5927853883348732,0.6086073058325634,0.48,0.5,0.4227853883348731,0.41582191749769026,0.3713926941674366,pp
1120,0.7594438295575048,0.7303476065265595,0.48,0.5,0.4399304786946881,0.39034760652655953,0.3902085639159357,pp
1121,0.6993551618453461,0.795322419077327,0.48,0.5,0.5595701078968973,0.4997850539484487,0.26914021579379477,pp
1122,0.6958258899685121,0.6266964401259512,0.48,0.5,0.5892187702204146,0.5033035598740488,0.4216517799370244,pp
1123,0.7088946094764634,0.8488946094764634,0.48,0.5,0.18776862483765844,0.5211259846388051,0.2188843124188292,pp
1124,0.29359596102001045,0.39,0.48,0.5,0.5211986536733368,0.38561615591995807,0.4680134632666317,pp
1125,0.7097430897157824,0.7901284551421088,0.48,0.5,0.5664953931438549,0.5032476965719275,0.2829907862877098,pp
1126,0.5922836118434992,0.6122836118434992,0.48,0.5,0.41828729111737556,0.4211418059217496,0.3688581940782504,pp
1127,0.6967679706797923,0.6238398533989622,0.48,0.5,0.4667679706797924,0.48737579475854714,0.48616014660103773,pp
1128,0.6348120937825663,0.8503758124348673,0.48,0.5,0.38037581243486734,0.4603758124348673,0.36887256269539803,pp
1129,0.5951509479447589,0.5821811375337107,0.48,0.5,0.4370301895889518,0.3840603791779036,0.35624151671161425,pp
1130,0.6336362960237929,0.7927274079524141,0.48,0.5,0.47454518409517177,0.3281814801189647,0.3227266642141364,pp
1131,0.6397178208272096,0.8445148667646463,0.48,0.5,0.3694356416544192,0.4516930750367424,0.40253961255511356,pp
1132,0.6515021082023156,0.5707510541011578,0.48,0.5,0.4696244729494211,0.46887341884826333,0.5103755270505789,pp
1133,0.6674821770417464,0.8225891147912683,0.48,0.5,0.27266040662428276,0.41748217704174634,0.27769605254079005,pp
1134,0.6900550298821523,0.7646973356481623,0.48,0.5,0.4001100597643046,0.7455227838804468,0.7057979332912082,pp
1135,0.7069033859201553,0.5630087830981677,0.48,0.5,0.4760175661963354,0.6860175661963354,0.26991216901832304,pp
1136,0.64,0.7029095703373519,0.48,0.5,0.4672127604498026,0.41145478516867595,0.19284840494377467,pp
1137,0.672213216841272,0.808893391579364,0.48,0.5,0.5414754778941814,0.49073773894709066,0.23295095578836264,pp
1138,0.6639043566602011,0.8404782166989948,0.48,0.5,0.3048607900581907,0.41390435666020103,0.3170520767377886,pp
1139,0.6601607413937317,0.6798392586062683,0.48,0.5,0.6150803706968658,0.44021432185830894,0.40005358046457723,pp
1140,0.7558816999000009,0.7325739375624994,0.48,0.5,0.4394852124875001,0.3925739375624995,0.3915443625374997,pp
1141,0.6327864646423661,0.8544270707152678,0.48,0.5,0.38442707071526777,0.46442707071526773,0.3567187878541967,pp
1142,0.7344959531579992,0.7473387291226676,0.48,0.5,0.3164213879823342,0.5410080936840016,0.5236693645613338,pp
1143,0.6828131432799908,0.6719780945333487,0.48,0.5,0.41,0.5,0.2739561890666972,pp
